[07Oct2025 00:05:41.757] [main/INFO] [cpw.mods.modlauncher.Launcher/MODLAUNCHER]: ModLauncher running: args [--launchTarget, forgeserver, --fml.forgeVersion, 47.3.7, --fml.mcVersion, 1.20.1, --fml.forgeGroup, net.minecraftforge, --fml.mcpVersion, 20230612.114412, nogui]
[07Oct2025 00:05:41.761] [main/INFO] [cpw.mods.modlauncher.Launcher/MODLAUNCHER]: ModLauncher 10.0.9+10.0.9+main.dcd20f30 starting: java version 17.0.16 by Ubuntu; OS Linux arch amd64 version 6.8.0-1030-azure
[07Oct2025 00:05:42.530] [main/INFO] [net.minecraftforge.fml.loading.ImmediateWindowHandler/]: ImmediateWindowProvider not loading because launch target is forgeserver
[07Oct2025 00:05:42.589] [main/INFO] [mixin/]: SpongePowered MIXIN Subsystem Version=0.8.5 Source=union:/workspaces/pepe/servidor_minecraft/libraries/org/spongepowered/mixin/0.8.5/mixin-0.8.5.jar%2363!/ Service=ModLauncher Env=SERVER
[07Oct2025 00:05:43.076] [main/WARN] [net.minecraftforge.fml.loading.moddiscovery.ModFileParser/LOADING]: Mod file /workspaces/pepe/servidor_minecraft/libraries/net/minecraftforge/fmlcore/1.20.1-47.3.7/fmlcore-1.20.1-47.3.7.jar is missing mods.toml file
[07Oct2025 00:05:43.077] [main/WARN] [net.minecraftforge.fml.loading.moddiscovery.ModFileParser/LOADING]: Mod file /workspaces/pepe/servidor_minecraft/libraries/net/minecraftforge/javafmllanguage/1.20.1-47.3.7/javafmllanguage-1.20.1-47.3.7.jar is missing mods.toml file
[07Oct2025 00:05:43.078] [main/WARN] [net.minecraftforge.fml.loading.moddiscovery.ModFileParser/LOADING]: Mod file /workspaces/pepe/servidor_minecraft/libraries/net/minecraftforge/lowcodelanguage/1.20.1-47.3.7/lowcodelanguage-1.20.1-47.3.7.jar is missing mods.toml file
[07Oct2025 00:05:43.079] [main/WARN] [net.minecraftforge.fml.loading.moddiscovery.ModFileParser/LOADING]: Mod file /workspaces/pepe/servidor_minecraft/libraries/net/minecraftforge/mclanguage/1.20.1-47.3.7/mclanguage-1.20.1-47.3.7.jar is missing mods.toml file
[07Oct2025 00:05:43.371] [main/WARN] [net.minecraftforge.jarjar.selection.JarSelector/]: Attempted to select two dependency jars from JarJar which have the same identification: Mod File:  and Mod File: . Using Mod File: 
[07Oct2025 00:05:43.372] [main/WARN] [net.minecraftforge.jarjar.selection.JarSelector/]: Attempted to select a dependency jar for JarJar which was passed in as source: playeranimator. Using Mod File: /workspaces/pepe/servidor_minecraft/mods/player-animation-lib-forge-1.0.2-rc1+1.20.jar
[07Oct2025 00:05:43.373] [main/INFO] [net.minecraftforge.fml.loading.moddiscovery.JarInJarDependencyLocator/]: Found 10 dependencies adding them to mods collection
[07Oct2025 00:05:46.417] [main/INFO] [mixin/]: Compatibility level set to JAVA_17
[07Oct2025 00:05:46.437] [main/ERROR] [mixin/]: Mixin config refraction.mixin.json does not specify "minVersion" property
[07Oct2025 00:05:46.442] [main/ERROR] [mixin/]: Mixin config scprotect.mixin.json does not specify "minVersion" property
[07Oct2025 00:05:46.478] [main/ERROR] [mixin/]: Mixin config entity_model_features.mixins.json does not specify "minVersion" property
[07Oct2025 00:05:46.728] [main/INFO] [mixin/]: Successfully loaded Mixin Connector [com.sonicether.soundphysics.MixinConnector]
[07Oct2025 00:05:46.733] [main/INFO] [cpw.mods.modlauncher.LaunchServiceHandler/MODLAUNCHER]: Launching target 'forgeserver' with arguments [nogui]
[07Oct2025 00:05:46.871] [main/INFO] [Embeddium/]: Loaded configuration file for Embeddium: 139 options available, 0 override(s) found
[07Oct2025 00:05:46.914] [main/WARN] [mixin/]: Reference map 'mixins.spartan_materials.refmap.json' for mixins.spartan_materials.json could not be read. If this is a development environment you can ignore this message
[07Oct2025 00:05:46.921] [main/WARN] [mixin/]: Reference map 'CerbonsAPI-Forge-1.20.1-forge-refmap.json' for cerbons_api.mixins.json could not be read. If this is a development environment you can ignore this message
[07Oct2025 00:05:46.968] [main/WARN] [mixin/]: Reference map 'graveyard-FORGE-forge-refmap.json' for graveyard-forge.mixins.json could not be read. If this is a development environment you can ignore this message
[07Oct2025 00:05:46.987] [main/WARN] [mixin/]: Reference map 'puzzlesaccessapi.common.refmap.json' for puzzlesaccessapi.common.mixins.json could not be read. If this is a development environment you can ignore this message
[07Oct2025 00:05:47.016] [main/WARN] [mixin/]: Reference map 'coroutil.refmap.json' for coroutil.mixins.json could not be read. If this is a development environment you can ignore this message
[07Oct2025 00:05:47.069] [main/INFO] [Puzzles Lib/]: Loading 93 mods:
	- alexscaves 2.0.2
	- animation_overhaul 1.3.1
	- architectury 9.2.14
	- azukaarsfairdifficultyoverhaul 1.0.4
	- bb 1.0.0
	- betterthirdperson 1.9.0
	- bosses_of_mass_destruction 1.1.2
	- cerbons_api 1.1.0
	- citadel 2.6.1
	- cloth_config 11.1.136
	- combatroll 1.3.3+1.20.1
	- coroutil 1.20.1-1.3.7
	- corpse 1.20.1-1.0.21
	- cpm 0.6.22a
	- creativecore 2.12.32
	- curios 5.14.1+1.20.1
	- customskinloader 14.24
	- dedsafio3 0.0.9
	- disenchanting 2.2.3
	- dungeons_arise 2.1.58-1.20.x
	- dungeons_arise_seven_seas 1.0.2
	- dungeons_enhanced 5.4.1
	- dynamiclights 1.20.1.2
	- dynamictrees 1.20.1-1.4.5
	- easy_npc 5.9.2
	- effortlessbuilding 3.10
		|-- flywheel 1.0.1
		\-- ponder 1.0.51
	- embeddium 0.3.31+mc1.20.1
		\-- rubidium 0.7.1
	- enchantinginfuser 8.0.3
	- entity_model_features 2.4.1
	- entity_texture_features 6.2.9
	- farmersdelight 1.20.1-1.2.7
	- ferritecore 6.0.1
	- firstaid 1.20.1-1.1
	- fishingoverhaul 1.20.1-1.2.0
	- forge 47.3.7
	- ftblibrary 2001.2.9
	- ftbquests 2001.4.13
	- ftbteams 2001.3.1
	- geckolib 4.8.2
	- glitchcore 0.0.1.1
	- golden_apple_tree 1.1.0-1.20.1-Forge
	- graveyard 3.1
	- grotesque_steve 1.3.1
	- hangglider 8.0.1
	- iceandfire 2.1.13-1.20.1
	- ihfr 0.1
	- illagerinvasion 8.0.7
	- immersive_paintings 0.6.8+1.20.1
	- infernalmobs 1.20.1.10
	- jade 11.13.1+forge
	- jei 15.20.0.106
	- jrftl 1.6.0
	- legendary_monsters 1.20.1
	- libraryferret 4.0.0
	- mca 7.6.10+1.20.1
	- minecraft 1.20.1
	- mowziesmobs 1.7.3
	- mutantmonsters 8.0.7
	- necronomicon 1.6.0
	- new_xp_ore 1.1.1
	- notenoughanimations 1.10.1
		|-- transition 1.0.3
		\-- trender 1.0.5
	- octolib 0.5.0.1
	- packedup 1.1.0
	- playeranimator 1.0.2-rc1+1.20
	- puzzleslib 8.1.32
		|-- mixinextras 0.4.1
		\-- puzzlesaccessapi 20.1.1
	- refraction 1.0.0-1.20.1
	- relics 0.8.0.9
	- scalinghealth 8.0.2+9
	- scprotect 1.0.0-1.20.1
	- securitycraft 1.10.0.1
	- silentlib 8.0.0
	- sound_physics_remastered 1.20.1-1.4.13
	- spartan_materials 1.0.1
	- spartanfire 2.1.0
	- spartanshields 3.1.1
	- spartantoolkit 1.20.1-1.5.2
	- spartanweaponry 3.1.3
	- spawnanimations 1.11+mod
	- stalwart_dungeons 1.2.8
	- structure_gel 2.16.2
	- supermartijn642configlib 1.1.8
	- supermartijn642corelib 1.1.18
	- toughasnails 9.2.0.171
	- travelersbackpack 9.1.39
	- visuality 2.0.2
	- voicechat 1.20.1-2.6.4
		\-- voicechat_api 2.6.0
	- watut 1.20.1-1.2.3
[07Oct2025 00:05:47.639] [main/ERROR] [net.minecraftforge.fml.loading.RuntimeDistCleaner/DISTXFORM]: Attempted to load class net/minecraft/client/gui/screens/Screen for invalid dist DEDICATED_SERVER
[07Oct2025 00:05:47.640] [main/WARN] [mixin/]: Error loading class: net/minecraft/client/gui/screens/Screen (java.lang.RuntimeException: Attempted to load class net/minecraft/client/gui/screens/Screen for invalid dist DEDICATED_SERVER)
[07Oct2025 00:05:47.641] [main/WARN] [mixin/]: @Mixin target net.minecraft.client.gui.screens.Screen was not found relics.mixins.json:ScreenMixin
[07Oct2025 00:05:47.670] [main/WARN] [mixin/]: Error loading class: com/teammetallurgy/aquaculture/entity/AquaFishingBobberEntity (java.lang.ClassNotFoundException: com.teammetallurgy.aquaculture.entity.AquaFishingBobberEntity)
[07Oct2025 00:05:47.670] [main/WARN] [mixin/]: @Mixin target com.teammetallurgy.aquaculture.entity.AquaFishingBobberEntity was not found fishingoverhaul.mixins.json:AquaFishingBobberEntityMixin
[07Oct2025 00:05:48.821] [main/INFO] [MixinExtras|Service/]: Initializing MixinExtras via com.llamalad7.mixinextras.service.MixinExtrasServiceImpl(version=0.4.1).
[07Oct2025 00:05:49.243] [main/WARN] [net.minecraft.SystemReport/]: Failed retrieving info for group hardware
java.lang.NoClassDefFoundError: com/sun/jna/Platform
	at oshi.SystemInfo.<clinit>(SystemInfo.java:60) ~[oshi-core-6.2.2.jar%2369!/:6.2.2]
	at net.minecraft.SystemReport.m_143564_(SystemReport.java:52) ~[server-1.20.1-20230612.114412-srg.jar%23269!/:?]
	at net.minecraft.SystemReport.m_143516_(SystemReport.java:82) ~[server-1.20.1-20230612.114412-srg.jar%23269!/:?]
	at net.minecraft.SystemReport.<init>(SystemReport.java:52) ~[server-1.20.1-20230612.114412-srg.jar%23269!/:?]
	at net.minecraft.CrashReport.<init>(CrashReport.java:31) ~[server-1.20.1-20230612.114412-srg.jar%23269!/:?]
	at net.minecraft.CrashReport.m_127529_(CrashReport.java:216) ~[server-1.20.1-20230612.114412-srg.jar%23269!/:?]
	at net.minecraft.server.Main.main(Main.java:116) ~[server-1.20.1-20230612.114412-srg.jar%23269!/:?]
	at jdk.internal.reflect.NativeMethodAccessorImpl.invoke0(Native Method) ~[?:?]
	at jdk.internal.reflect.NativeMethodAccessorImpl.invoke(NativeMethodAccessorImpl.java:77) ~[?:?]
	at jdk.internal.reflect.DelegatingMethodAccessorImpl.invoke(DelegatingMethodAccessorImpl.java:43) ~[?:?]
	at java.lang.reflect.Method.invoke(Method.java:569) ~[?:?]
	at net.minecraftforge.fml.loading.targets.CommonLaunchHandler.runTarget(CommonLaunchHandler.java:111) ~[fmlloader-1.20.1-47.3.7.jar%2367!/:?]
	at net.minecraftforge.fml.loading.targets.CommonLaunchHandler.serverService(CommonLaunchHandler.java:103) ~[fmlloader-1.20.1-47.3.7.jar%2367!/:?]
	at net.minecraftforge.fml.loading.targets.CommonServerLaunchHandler.lambda$makeService$0(CommonServerLaunchHandler.java:27) ~[fmlloader-1.20.1-47.3.7.jar%2367!/:?]
	at cpw.mods.modlauncher.LaunchServiceHandlerDecorator.launch(LaunchServiceHandlerDecorator.java:30) ~[modlauncher-10.0.9.jar%2353!/:?]
	at cpw.mods.modlauncher.LaunchServiceHandler.launch(LaunchServiceHandler.java:53) ~[modlauncher-10.0.9.jar%2353!/:?]
	at cpw.mods.modlauncher.LaunchServiceHandler.launch(LaunchServiceHandler.java:71) ~[modlauncher-10.0.9.jar%2353!/:?]
	at cpw.mods.modlauncher.Launcher.run(Launcher.java:108) ~[modlauncher-10.0.9.jar%2353!/:?]
	at cpw.mods.modlauncher.Launcher.main(Launcher.java:78) ~[modlauncher-10.0.9.jar%2353!/:?]
	at cpw.mods.modlauncher.BootstrapLaunchConsumer.accept(BootstrapLaunchConsumer.java:26) ~[modlauncher-10.0.9.jar%2353!/:?]
	at cpw.mods.modlauncher.BootstrapLaunchConsumer.accept(BootstrapLaunchConsumer.java:23) ~[modlauncher-10.0.9.jar%2353!/:?]
	at cpw.mods.bootstraplauncher.BootstrapLauncher.main(BootstrapLauncher.java:141) ~[bootstraplauncher-1.1.2.jar:?]
Caused by: java.lang.ClassNotFoundException: com.sun.jna.Platform
	at jdk.internal.loader.BuiltinClassLoader.loadClass(BuiltinClassLoader.java:641) ~[?:?]
	at java.lang.ClassLoader.loadClass(ClassLoader.java:525) ~[?:?]
	at cpw.mods.cl.ModuleClassLoader.loadClass(ModuleClassLoader.java:137) ~[securejarhandler-2.1.10.jar:?]
	at java.lang.ClassLoader.loadClass(ClassLoader.java:525) ~[?:?]
	... 22 more
[07Oct2025 00:05:54.531] [main/WARN] [mixin/]: Mixin alexscaves.mixins.json:SwampHutPieceMixin has multiple constructors, (Lnet/minecraft/world/level/levelgen/structure/pieces/StructurePieceType;IIIIIILnet/minecraft/core/Direction;)V was selected

[07Oct2025 00:05:55.057] [modloading-worker-0/INFO] [Easy NPC/]: Initializing Easy NPC (Forge) ...
[07Oct2025 00:05:55.058] [modloading-worker-0/INFO] [Easy NPC/]: 🗣 Register Easy NPC Debug Manager ...
[07Oct2025 00:05:55.063] [modloading-worker-0/WARN] [Easy NPC/]: [Debug Manager] Detected debug log level for Easy NPC with ALL!
[07Oct2025 00:05:55.064] [modloading-worker-0/WARN] [Easy NPC/]: [Debug Manager] Adjusting log level for Easy NPC from ALL to INFO, for performance reasons!
[07Oct2025 00:05:55.065] [modloading-worker-0/INFO] [Easy NPC/]: [Debug Manager] Add new logger config for Easy NPC with level INFO ...
[07Oct2025 00:05:55.066] [modloading-worker-0/INFO] [necronomicon/]: File exists, reading config for elocindev.animation_overhaul.config.AnimationsConfig.
[07Oct2025 00:05:55.066] [modloading-worker-0/INFO] [necronomicon/]: Config for elocindev.animation_overhaul.config.AnimationsConfig read successfully.
[07Oct2025 00:05:55.070] [modloading-worker-0/INFO] [Easy NPC/]: 🗣 Register Easy NPC Constants ...
[07Oct2025 00:05:55.073] [modloading-worker-0/INFO] [necronomicon/]: File exists, reading config for elocindev.animation_overhaul.config.PlayerConfig.
[07Oct2025 00:05:55.074] [modloading-worker-0/INFO] [Easy NPC/]: 🗣 Register Easy NPC Configuration ...
[07Oct2025 00:05:55.075] [modloading-worker-0/INFO] [Easy NPC/]: [Config] Updated configuration path to /workspaces/pepe/servidor_minecraft/config/easy_npc
[07Oct2025 00:05:55.076] [modloading-worker-0/INFO] [Easy NPC/]: [Config] Registering common configuration ...
[07Oct2025 00:05:55.077] [modloading-worker-0/INFO] [necronomicon/]: Config for elocindev.animation_overhaul.config.PlayerConfig read successfully.
[07Oct2025 00:05:55.081] [modloading-worker-0/INFO] [animation_overhaul/]: Animation Overhaul's Config initialized
[07Oct2025 00:05:55.091] [modloading-worker-0/INFO] [Easy NPC/]: [Config] Render Entity Type Support Configuration

 Please note that this configuration file only includes confirmed entity types.
 If an entity type is not listed here, it doesn't mean it's automatically supported or unsupported!
 is up to date: {minecraft:giant=true, dannys_expansion:mundane_slime=false, botania:pool_minecart=false, botania:ender_air=false, minecraft:end_crystal=false, simple_mobs:rumble=false, minecraft:experience_bottle=false, minecraft:glow_squid=true, minecraft:trader_llama=true, orcz:decaystrikecustom=false, simple_mobs:staff_usage=false, minecraft:horse=true, the_bumblezone:purple_spike_entity=false, minecraft:llama=true, minecraft:husk=true, minecraft:cave_spider=true, minecraft:enderman=true, minecraft:dolphin=true, frostiful:freezing_wind=false, minecraft:shulker_bullet=false, simple_mobs:projecttest=false, minecraft:donkey=true, minecraft:area_effect_cloud=false, minecraft:ghast=false, frostiful:packed_snowball=false, twigs:pebble=false, handcrafted:fancy_painting=false, moretotems:summoned_zombie=false, minecraft:piglin_brute=true, minecraft:creeper=true, minecraft:glow_item_frame=false, minecraft:bee=true, botania:mana_storm=false, minecraft:illusioner=true, minecraft:player=false, minecraft:wither_skull=false, minecraft:mooshroom=true, smallships:galley=false, create:stationary_contraption=false, minecraft:eye_of_ender=false, minecraft:villager=true, ad_astra:tier_1_rocket=false, botania:magic_landmine=false, minecraft:stray=true, smallships:cog=false, minecraft:falling_block=false, minecraft:drowned=true, minecraft:axolotl=true, botania:doppleganger=false, botania:flame_ring=false, botania:ender_air_bottle=false, minecraft:tnt=false, ae2:tiny_tnt_primed=false, botania:magic_missile=false, create:crafting_blueprint=false, create:contraption=false, minecraft:strider=true, smallships:brigg=false, minecraft:guardian=true, minecraft:parrot=true, minecraft:arrow=false, lootr:lootr_minecart=false, the_bumblezone:pollen_puff=false, minecraft:chest_minecart=false, minecraft:wither=true, minecraft:ender_pearl=false, create:super_glue=false, minecraft:wandering_trader=true, handcrafted:seat=false, simple_mobs:dragon_smoke=false, minecraft:wither_skeleton=true, botania:thorn_chakram=false, minecraft:iron_golem=true, botania:pixie=false, dummmmmmy:target_dummy=false, minecraft:elder_guardian=true, graveyard:skull=false, minecraft:mule=true, the_bumblezone:bee_stinger=false, the_bumblezone:thrown_stinger_spear=false, minecraft:armor_stand=false, aquamirae:pillagers_patrol=false, minecraft:vindicator=true, botania:mana_burst=false, minecraft:evoker=true, minecraft:slime=false, minecraft:leash_knot=false, botania:babylon_weapon=false, minecraft:pufferfish=true, terraform:boat=false, swampier_swamps:swamp_gas=false, minecraft:experience_orb=false, ad_astra:tier_3_rocket=false, minecraft:fox=true, botania:thrown_item=false, the_bumblezone:cosmic_crystal_entity=false, graveyard:ghouling=false, botania:player_mover=false, minecraft:silverfish=true, minecraft:endermite=true, minecraft:firework_rocket=false, minecraft:chicken=true, minecraft:zombie=true, the_bumblezone:sentry_watcher=false, minecraft:spawner_minecart=false, botania:spark=false, botania:falling_star=false, minecraft:hoglin=true, minecraft:boat=false, minecraft:trident=false, friendsandfoes:player_illusion=false, minecraft:polar_bear=true, minecraft:phantom=false, ad_astra:tier_4_rocket=false, minecraft:zombified_piglin=true, minecraft:witch=true, ad_astra:tier_2_rocket=false, minecraft:pig=true, minecraft:turtle=true, moretotems:summoned_bee=false, minecraft:sheep=true, minecraft:ender_dragon=false, minecraft:goat=true, minecraft:item_frame=false, create:carriage_contraption=false, minecraft:vex=true, minecraft:minecart=false, minecraft:item=false, minecraft:dragon_fireball=false, minecraft:cod=true, minecraft:skeleton=true, ad_astra:space_painting=false, create:seat=false, simple_mobs:staff_interact=false, minecraft:ravager=true, minecraft:squid=true, minecraft:skeleton_horse=true, minecraft:cow=true, minecraft:potion=false, ad_astra:lander=false, minecraft:salmon=true, minecraft:snow_golem=true, minecraft:shulker=true, friendsandfoes:ice_chunk=false, minecraft:hopper_minecart=false, the_bumblezone:honey_crystal_shard=false, simple_mobs:lightning_spear=false, minecraft:rabbit=true, minecraft:painting=false, minecraft:pillager=true, the_bumblezone:electric_ring_entity=false, minecraft:zoglin=true, minecraft:lightning_bolt=false, frostiful:frost_spell=false, minecraft:fishing_bobber=false, minecraft:tnt_minecart=false, simple_mobs:ground_spike=false, minecraft:command_block_minecart=false, minecraft:bat=false, the_bumblezone:dirt_pellet=false, minecraft:fireball=false, minecraft:llama_spit=false, minecraft:furnace_minecart=false, minecraft:evoker_fangs=false, minecraft:piglin=true, minecraft:snowball=false, minecraft:spectral_arrow=false, orcz:wither_strikeringcustom=false, simple_mobs:elemental_chain=false, minecraft:blaze=true, ad_astra:ice_spit=false, techreborn:nuke=false, minecraft:egg=false, minecraft:zombie_horse=true, minecraft:magma_cube=false, minecraft:small_fireball=false, frostiful:thrown_icicle=false, minecraft:spider=true, ad_astra:tier_1_rover=false, minecraft:marker=false, majruszsdifficulty:cursed_armor=false, minecraft:text_display=false, farmersdelight:rotten_tomato=false, minecraft:cat=true, armourers_workshop:mannequin=false, create:gantry_contraption=false, minecraft:tropical_fish=true, botania:corporea_spark=false, minecraft:ocelot=true, minecraft:wolf=true, minecraft:panda=true, minecraft:zombie_villager=true}
[07Oct2025 00:05:55.094] [modloading-worker-0/INFO] [Easy NPC/]: [Config] Registering server configuration ...
[07Oct2025 00:05:55.095] [modloading-worker-0/INFO] [Easy NPC/]: 🗣 Register Easy NPC Common Data Files ...
[07Oct2025 00:05:55.102] [modloading-worker-0/INFO] [Easy NPC/]: 🗣 Register Easy NPC Common data folders ...
[07Oct2025 00:05:55.102] [modloading-worker-0/INFO] [Easy NPC/]: 🗣 Register Easy NPC Entity Data Serializers ...
[07Oct2025 00:05:55.210] [modloading-worker-0/INFO] [Easy NPC/]: Registered entity data serializer ActionEventSet with id 28
[07Oct2025 00:05:55.210] [modloading-worker-0/INFO] [Easy NPC/]: Registered entity data serializer CustomAttributes with id 29
[07Oct2025 00:05:55.213] [modloading-worker-0/INFO] [Easy NPC/]: Registered entity data serializer DialogDataSet with id 30
[07Oct2025 00:05:55.213] [modloading-worker-0/INFO] [Easy NPC/]: Registered entity data serializer DisplayAttributeSet with id 31
[07Oct2025 00:05:55.214] [modloading-worker-0/INFO] [Easy NPC/]: Registered entity data serializer EntityAttributes with id 32
[07Oct2025 00:05:55.214] [modloading-worker-0/INFO] [Easy NPC/]: Registered entity data serializer MerchantOffers with id 33
[07Oct2025 00:05:55.214] [modloading-worker-0/INFO] [Easy NPC/]: Registered entity data serializer ModelPose with id 34
[07Oct2025 00:05:55.214] [modloading-worker-0/INFO] [Easy NPC/]: Registered entity data serializer ObjectiveDataSet with id 35
[07Oct2025 00:05:55.215] [modloading-worker-0/INFO] [Easy NPC/]: Registered entity data serializer CustomPosition with id 36
[07Oct2025 00:05:55.215] [modloading-worker-0/INFO] [Easy NPC/]: Registered entity data serializer Profession with id 37
[07Oct2025 00:05:55.215] [modloading-worker-0/INFO] [Easy NPC/]: Registered entity data serializer RenderDataSet with id 38
[07Oct2025 00:05:55.215] [modloading-worker-0/INFO] [Easy NPC/]: Registered entity data serializer CustomRotation with id 39
[07Oct2025 00:05:55.216] [modloading-worker-0/INFO] [Easy NPC/]: Registered entity data serializer CustomScale with id 40
[07Oct2025 00:05:55.216] [modloading-worker-0/INFO] [Easy NPC/]: Registered entity data serializer SkinDataEntry with id 41
[07Oct2025 00:05:55.220] [modloading-worker-0/INFO] [Easy NPC/]: Registered entity data serializer SoundDataSet with id 42
[07Oct2025 00:05:55.220] [modloading-worker-0/INFO] [Easy NPC/]: Registered entity data serializer HashSet:UUID with id 43
[07Oct2025 00:05:55.220] [modloading-worker-0/INFO] [Easy NPC/]: Registered entity data serializer HashSet:String with id 44
[07Oct2025 00:05:55.221] [modloading-worker-0/INFO] [Easy NPC/]: Registered entity data serializer TradingDataSet with id 45
[07Oct2025 00:05:55.221] [modloading-worker-0/INFO] [Easy NPC/]: Registered entity data serializer UUID with id 46
[07Oct2025 00:05:55.221] [modloading-worker-0/INFO] [Easy NPC/]: 🗣 Register Easy NPC Compatibility Handler ...
[07Oct2025 00:05:55.224] [modloading-worker-0/INFO] [Easy NPC/]: 🗣 Register Easy NPC Compat Handler ...
[07Oct2025 00:05:55.237] [modloading-worker-0/INFO] [Easy NPC/]: [Compat Manager] Epic Fight mod with id 'epicfight' loaded: false
[07Oct2025 00:05:55.238] [modloading-worker-0/INFO] [Easy NPC/]: [Compat Manager] Cobblemon mod with id 'cobblemon' loaded: false
[07Oct2025 00:05:55.238] [modloading-worker-0/INFO] [Easy NPC/]: 🗣 Register Easy NPC Command Argument Types ...
[07Oct2025 00:05:55.239] [modloading-worker-0/INFO] [Easy NPC/]: 🗣 Register Easy NPC Entity Types ...
[07Oct2025 00:05:55.252] [modloading-worker-0/INFO] [Easy NPC/]: 🗣 Register Easy NPC Blocks ...
[07Oct2025 00:05:55.263] [modloading-worker-0/INFO] [Easy NPC/]: 🗣 Register Easy NPC Blocks Entity Types ...
[07Oct2025 00:05:55.264] [modloading-worker-0/INFO] [Easy NPC/]: 🗣 Register Easy NPC Items ...
[07Oct2025 00:05:55.273] [modloading-worker-0/INFO] [Easy NPC/]: 🗣 Register Easy NPC Menu Types ...
[07Oct2025 00:05:55.275] [modloading-worker-0/INFO] [Puzzles Lib/]: Constructing common components for illagerinvasion:main
[07Oct2025 00:05:55.298] [modloading-worker-0/INFO] [Easy NPC/]: 🗣 Register Easy NPC Menu Handler ...
[07Oct2025 00:05:55.304] [modloading-worker-0/INFO] [Easy NPC/]: 🗣 Register Easy NPC Network Handler ...
[07Oct2025 00:05:55.306] [modloading-worker-0/INFO] [Easy NPC/]: Registering server network handler for Server -> Client messages.
[07Oct2025 00:05:55.311] [modloading-worker-0/INFO] [Easy NPC/]: 🗣 Register Easy NPC Client Network Message Handler ...
[07Oct2025 00:05:55.769] [modloading-worker-0/INFO] [Puzzles Lib/]: Constructing common components for hangglider:main
[07Oct2025 00:05:56.054] [modloading-worker-0/INFO] [Spartan Weaponry/]: Constructing Mod: Spartan Weaponry
[07Oct2025 00:05:56.055] [modloading-worker-0/INFO] [Spartan Weaponry/]: Initialising API! Version: 11
[07Oct2025 00:05:56.059] [modloading-worker-0/INFO] [Spartan Weaponry/]: Spartan Weaponry API version 11 has been initalized!
[07Oct2025 00:05:56.311] [modloading-worker-0/INFO] [dev.architectury.networking.forge.NetworkManagerImpl/]: Registering C2S receiver with id architectury:sync_ids
[07Oct2025 00:05:56.489] [modloading-worker-0/INFO] [Puzzles Lib/]: Constructing common components for enchantinginfuser:main
[07Oct2025 00:05:56.542] [modloading-worker-0/INFO] [dev.architectury.networking.forge.NetworkManagerImpl/]: Registering C2S receiver with id ftblibrary:edit_nbt_response
[07Oct2025 00:05:56.599] [modloading-worker-0/INFO] [dev.architectury.networking.forge.NetworkManagerImpl/]: Registering C2S receiver with id ftbteams:open_gui
[07Oct2025 00:05:56.601] [modloading-worker-0/INFO] [dev.architectury.networking.forge.NetworkManagerImpl/]: Registering C2S receiver with id ftbteams:update_settings
[07Oct2025 00:05:56.606] [modloading-worker-0/INFO] [dev.architectury.networking.forge.NetworkManagerImpl/]: Registering C2S receiver with id ftbteams:send_message
[07Oct2025 00:05:56.608] [modloading-worker-0/INFO] [dev.architectury.networking.forge.NetworkManagerImpl/]: Registering C2S receiver with id ftbteams:create_party
[07Oct2025 00:05:56.615] [modloading-worker-0/INFO] [dev.architectury.networking.forge.NetworkManagerImpl/]: Registering C2S receiver with id ftbteams:player_gui_operation
[07Oct2025 00:05:56.635] [modloading-worker-0/INFO] [Puzzles Lib/]: Constructing common components for mutantmonsters:main
[07Oct2025 00:05:56.768] [modloading-worker-0/INFO] [com.jtorleonstudios.libraryferret.LibraryFerret/]: Initialize mod Library Ferret
[07Oct2025 00:05:56.787] [modloading-worker-0/INFO] [com.jtorleonstudios.libraryferret.LibraryFerret/]: Initialized mod Library Ferret
[07Oct2025 00:05:57.056] [modloading-worker-0/INFO] [graveyard/]: Registered JSON trade offer adapter.
[07Oct2025 00:05:57.078] [modloading-worker-0/INFO] [coroutil/]: forge loader environment detected
[07Oct2025 00:05:57.134] [modloading-worker-0/INFO] [net.minecraftforge.common.ForgeMod/FORGEMOD]: Forge mod loading, version 47.3.7, for MC 1.20.1 with MCP 20230612.114412
[07Oct2025 00:05:57.134] [modloading-worker-0/INFO] [net.minecraftforge.common.MinecraftForge/FORGE]: MinecraftForge v47.3.7 Initialized
[07Oct2025 00:05:57.330] [modloading-worker-0/INFO] [necronomicon/]: Necronomicon Initialized
[07Oct2025 00:05:57.342] [modloading-worker-0/INFO] [necronomicon/]: File exists, reading config for elocindev.necronomicon.NecronomiconConfig.
[07Oct2025 00:05:57.350] [modloading-worker-0/INFO] [necronomicon/]: Config for elocindev.necronomicon.NecronomiconConfig read successfully.
[07Oct2025 00:05:57.355] [modloading-worker-0/INFO] [necronomicon/]: there is a brick about to fall through your roof at terminal velocity
[07Oct2025 00:05:57.513] [modloading-worker-0/INFO] [dev.architectury.networking.forge.NetworkManagerImpl/]: Registering C2S receiver with id ftbquests:submit_task
[07Oct2025 00:05:57.514] [modloading-worker-0/INFO] [dev.architectury.networking.forge.NetworkManagerImpl/]: Registering C2S receiver with id ftbquests:claim_reward
[07Oct2025 00:05:57.519] [modloading-worker-0/INFO] [dev.architectury.networking.forge.NetworkManagerImpl/]: Registering C2S receiver with id ftbquests:get_emergency_items
[07Oct2025 00:05:57.520] [modloading-worker-0/INFO] [dev.architectury.networking.forge.NetworkManagerImpl/]: Registering C2S receiver with id ftbquests:claim_all_rewards
[07Oct2025 00:05:57.536] [modloading-worker-0/INFO] [dev.architectury.networking.forge.NetworkManagerImpl/]: Registering C2S receiver with id ftbquests:claim_choice_reward
[07Oct2025 00:05:57.538] [modloading-worker-0/INFO] [dev.architectury.networking.forge.NetworkManagerImpl/]: Registering C2S receiver with id ftbquests:toggle_pinned
[07Oct2025 00:05:57.552] [modloading-worker-0/INFO] [dev.architectury.networking.forge.NetworkManagerImpl/]: Registering C2S receiver with id ftbquests:toggle_chapter_pinned
[07Oct2025 00:05:57.554] [modloading-worker-0/INFO] [dev.architectury.networking.forge.NetworkManagerImpl/]: Registering C2S receiver with id ftbquests:toggle_editing_mode
[07Oct2025 00:05:57.554] [modloading-worker-0/INFO] [dev.architectury.networking.forge.NetworkManagerImpl/]: Registering C2S receiver with id ftbquests:force_save
[07Oct2025 00:05:57.562] [modloading-worker-0/INFO] [dev.architectury.networking.forge.NetworkManagerImpl/]: Registering C2S receiver with id ftbquests:set_custom_image
[07Oct2025 00:05:57.578] [modloading-worker-0/INFO] [dev.architectury.networking.forge.NetworkManagerImpl/]: Registering C2S receiver with id ftbquests:task_screen_config_resp
[07Oct2025 00:05:57.579] [modloading-worker-0/INFO] [dev.architectury.networking.forge.NetworkManagerImpl/]: Registering C2S receiver with id ftbquests:change_progress
[07Oct2025 00:05:57.590] [modloading-worker-0/INFO] [dev.architectury.networking.forge.NetworkManagerImpl/]: Registering C2S receiver with id ftbquests:create_object
[07Oct2025 00:05:57.591] [modloading-worker-0/INFO] [dev.architectury.networking.forge.NetworkManagerImpl/]: Registering C2S receiver with id ftbquests:create_task_at
[07Oct2025 00:05:57.596] [modloading-worker-0/INFO] [dev.architectury.networking.forge.NetworkManagerImpl/]: Registering C2S receiver with id ftbquests:delete_object
[07Oct2025 00:05:57.597] [modloading-worker-0/INFO] [dev.architectury.networking.forge.NetworkManagerImpl/]: Registering C2S receiver with id ftbquests:edit_object
[07Oct2025 00:05:57.598] [modloading-worker-0/INFO] [dev.architectury.networking.forge.NetworkManagerImpl/]: Registering C2S receiver with id ftbquests:move_chapter
[07Oct2025 00:05:57.608] [modloading-worker-0/INFO] [Spartan Shields/]: Constructing Mod: Spartan Shields
[07Oct2025 00:05:57.610] [modloading-worker-0/INFO] [dev.architectury.networking.forge.NetworkManagerImpl/]: Registering C2S receiver with id ftbquests:move_quest
[07Oct2025 00:05:57.611] [modloading-worker-0/INFO] [dev.architectury.networking.forge.NetworkManagerImpl/]: Registering C2S receiver with id ftbquests:change_chapter_group
[07Oct2025 00:05:57.615] [modloading-worker-0/INFO] [dev.architectury.networking.forge.NetworkManagerImpl/]: Registering C2S receiver with id ftbquests:move_chapter_group
[07Oct2025 00:05:57.617] [modloading-worker-0/INFO] [dev.architectury.networking.forge.NetworkManagerImpl/]: Registering C2S receiver with id ftbquests:copy_quest
[07Oct2025 00:05:57.626] [modloading-worker-0/INFO] [dev.architectury.networking.forge.NetworkManagerImpl/]: Registering C2S receiver with id ftbquests:copy_chapter_image
[07Oct2025 00:05:57.626] [modloading-worker-0/INFO] [dev.architectury.networking.forge.NetworkManagerImpl/]: Registering C2S receiver with id ftbquests:sync_structures_request
[07Oct2025 00:05:57.631] [modloading-worker-0/INFO] [dev.architectury.networking.forge.NetworkManagerImpl/]: Registering C2S receiver with id ftbquests:request_team_data
[07Oct2025 00:05:57.926] [modloading-worker-0/INFO] [spawnanimations/]: [Spawn Animations] Registering server started event ...
[07Oct2025 00:05:57.936] [modloading-worker-0/WARN] [Visuality/]: Visuality is installed on a dedicated server, skip loading...
[07Oct2025 00:05:57.985] [modloading-worker-0/INFO] [Puzzles Lib/]: Constructing common components for puzzleslib:main
[07Oct2025 00:06:01.324] [main/INFO] [ModdingLegacy/StructureGel/]: [structure_gel] Registering data for structure_gel:loot_table_alias
[07Oct2025 00:06:01.337] [main/INFO] [ModdingLegacy/StructureGel/]: [structure_gel] Registering data for structure_gel:data_handler_type
[07Oct2025 00:06:01.337] [main/INFO] [ModdingLegacy/StructureGel/]: [structure_gel] Registering data for structure_gel:dynamic_spawner
[07Oct2025 00:06:01.339] [main/INFO] [ModdingLegacy/StructureGel/]: [structure_gel] Registering data for structure_gel:jigsaw_type
[07Oct2025 00:06:01.398] [main/INFO] [Easy NPC/]: - Registering Synched Attack Data for EasyNPCBaseEntity.
[07Oct2025 00:06:01.399] [main/WARN] [net.minecraft.network.syncher.SynchedEntityData/]: defineId called for: class de.markusbordihn.easynpc.entity.EasyNPCBaseEntity from interface de.markusbordihn.easynpc.entity.easynpc.data.AttackData
[07Oct2025 00:06:01.399] [main/INFO] [Easy NPC/]: - Registering Synched Attribute Data for EasyNPCBaseEntity.
[07Oct2025 00:06:01.399] [main/WARN] [net.minecraft.network.syncher.SynchedEntityData/]: defineId called for: class de.markusbordihn.easynpc.entity.EasyNPCBaseEntity from interface de.markusbordihn.easynpc.entity.easynpc.data.AttributeData
[07Oct2025 00:06:01.399] [main/INFO] [Easy NPC/]: - Registering Synched Custom Attribute Data for EasyNPCBaseEntity.
[07Oct2025 00:06:01.400] [main/WARN] [net.minecraft.network.syncher.SynchedEntityData/]: defineId called for: class de.markusbordihn.easynpc.entity.EasyNPCBaseEntity from interface de.markusbordihn.easynpc.entity.easynpc.data.CustomAttributeData
[07Oct2025 00:06:01.400] [main/INFO] [Easy NPC/]: - Registering Synched Display Attribute Data for EasyNPCBaseEntity.
[07Oct2025 00:06:01.400] [main/WARN] [net.minecraft.network.syncher.SynchedEntityData/]: defineId called for: class de.markusbordihn.easynpc.entity.EasyNPCBaseEntity from interface de.markusbordihn.easynpc.entity.easynpc.data.DisplayAttributeData
[07Oct2025 00:06:01.400] [main/INFO] [Easy NPC/]: - Registering Synched Navigation Data for EasyNPCBaseEntity.
[07Oct2025 00:06:01.400] [main/WARN] [net.minecraft.network.syncher.SynchedEntityData/]: defineId called for: class de.markusbordihn.easynpc.entity.EasyNPCBaseEntity from interface de.markusbordihn.easynpc.entity.easynpc.data.NavigationData
[07Oct2025 00:06:01.400] [main/INFO] [Easy NPC/]: - Registering Synched Owner Data for EasyNPCBaseEntity.
[07Oct2025 00:06:01.400] [main/WARN] [net.minecraft.network.syncher.SynchedEntityData/]: defineId called for: class de.markusbordihn.easynpc.entity.EasyNPCBaseEntity from interface de.markusbordihn.easynpc.entity.easynpc.data.OwnerData
[07Oct2025 00:06:01.401] [main/INFO] [Easy NPC/]: - Registering Synched Profession Data for EasyNPCBaseEntity.
[07Oct2025 00:06:01.401] [main/WARN] [net.minecraft.network.syncher.SynchedEntityData/]: defineId called for: class de.markusbordihn.easynpc.entity.EasyNPCBaseEntity from interface de.markusbordihn.easynpc.entity.easynpc.data.ProfessionData
[07Oct2025 00:06:01.401] [main/INFO] [Easy NPC/]: - Registering Synched Render Data for EasyNPCBaseEntity.
[07Oct2025 00:06:01.401] [main/WARN] [net.minecraft.network.syncher.SynchedEntityData/]: defineId called for: class de.markusbordihn.easynpc.entity.EasyNPCBaseEntity from interface de.markusbordihn.easynpc.entity.easynpc.data.RenderData
[07Oct2025 00:06:01.401] [main/INFO] [Easy NPC/]: - Registering Synched Skin Data for EasyNPCBaseEntity.
[07Oct2025 00:06:01.401] [main/WARN] [net.minecraft.network.syncher.SynchedEntityData/]: defineId called for: class de.markusbordihn.easynpc.entity.EasyNPCBaseEntity from interface de.markusbordihn.easynpc.entity.easynpc.data.SkinData
[07Oct2025 00:06:01.401] [main/INFO] [Easy NPC/]: - Registering Synched Sound Data for EasyNPCBaseEntity.
[07Oct2025 00:06:01.402] [main/WARN] [net.minecraft.network.syncher.SynchedEntityData/]: defineId called for: class de.markusbordihn.easynpc.entity.EasyNPCBaseEntity from interface de.markusbordihn.easynpc.entity.easynpc.data.SoundData
[07Oct2025 00:06:01.402] [main/INFO] [Easy NPC/]: - Registering Synched Trading Data for EasyNPCBaseEntity.
[07Oct2025 00:06:01.402] [main/WARN] [net.minecraft.network.syncher.SynchedEntityData/]: defineId called for: class de.markusbordihn.easynpc.entity.EasyNPCBaseEntity from interface de.markusbordihn.easynpc.entity.easynpc.data.TradingData
[07Oct2025 00:06:01.402] [main/WARN] [net.minecraft.network.syncher.SynchedEntityData/]: defineId called for: class de.markusbordihn.easynpc.entity.EasyNPCBaseEntity from interface de.markusbordihn.easynpc.entity.easynpc.data.TradingData
[07Oct2025 00:06:01.402] [main/WARN] [net.minecraft.network.syncher.SynchedEntityData/]: defineId called for: class de.markusbordihn.easynpc.entity.EasyNPCBaseEntity from interface de.markusbordihn.easynpc.entity.easynpc.data.TradingData
[07Oct2025 00:06:01.402] [main/INFO] [Easy NPC/]: - Registering Synched Variant Data for EasyNPCBaseEntity.
[07Oct2025 00:06:01.402] [main/WARN] [net.minecraft.network.syncher.SynchedEntityData/]: defineId called for: class de.markusbordihn.easynpc.entity.EasyNPCBaseEntity from interface de.markusbordihn.easynpc.entity.easynpc.data.VariantData
[07Oct2025 00:06:01.403] [main/INFO] [Easy NPC/]: - Registering Synched Model Data for EasyNPCBaseModelEntity.
[07Oct2025 00:06:01.403] [main/WARN] [net.minecraft.network.syncher.SynchedEntityData/]: defineId called for: class de.markusbordihn.easynpc.entity.EasyNPCBaseModelEntity from interface de.markusbordihn.easynpc.entity.easynpc.data.ModelData
[07Oct2025 00:06:01.403] [main/WARN] [net.minecraft.network.syncher.SynchedEntityData/]: defineId called for: class de.markusbordihn.easynpc.entity.EasyNPCBaseModelEntity from interface de.markusbordihn.easynpc.entity.easynpc.data.ModelData
[07Oct2025 00:06:01.403] [main/WARN] [net.minecraft.network.syncher.SynchedEntityData/]: defineId called for: class de.markusbordihn.easynpc.entity.EasyNPCBaseModelEntity from interface de.markusbordihn.easynpc.entity.easynpc.data.ModelData
[07Oct2025 00:06:01.403] [main/WARN] [net.minecraft.network.syncher.SynchedEntityData/]: defineId called for: class de.markusbordihn.easynpc.entity.EasyNPCBaseModelEntity from interface de.markusbordihn.easynpc.entity.easynpc.data.ModelData
[07Oct2025 00:06:01.403] [main/WARN] [net.minecraft.network.syncher.SynchedEntityData/]: defineId called for: class de.markusbordihn.easynpc.entity.EasyNPCBaseModelEntity from interface de.markusbordihn.easynpc.entity.easynpc.data.ModelData
[07Oct2025 00:06:01.404] [main/WARN] [net.minecraft.network.syncher.SynchedEntityData/]: defineId called for: class de.markusbordihn.easynpc.entity.EasyNPCBaseModelEntity from interface de.markusbordihn.easynpc.entity.easynpc.data.ModelData
[07Oct2025 00:06:01.404] [main/WARN] [net.minecraft.network.syncher.SynchedEntityData/]: defineId called for: class de.markusbordihn.easynpc.entity.EasyNPCBaseModelEntity from interface de.markusbordihn.easynpc.entity.easynpc.data.ModelData
[07Oct2025 00:06:01.404] [main/WARN] [net.minecraft.network.syncher.SynchedEntityData/]: defineId called for: class de.markusbordihn.easynpc.entity.EasyNPCBaseModelEntity from interface de.markusbordihn.easynpc.entity.easynpc.data.ModelData
[07Oct2025 00:06:01.404] [main/WARN] [net.minecraft.network.syncher.SynchedEntityData/]: defineId called for: class de.markusbordihn.easynpc.entity.EasyNPCBaseModelEntity from interface de.markusbordihn.easynpc.entity.easynpc.data.ModelData
[07Oct2025 00:06:01.404] [main/WARN] [net.minecraft.network.syncher.SynchedEntityData/]: defineId called for: class de.markusbordihn.easynpc.entity.EasyNPCBaseModelEntity from interface de.markusbordihn.easynpc.entity.easynpc.data.ModelData
[07Oct2025 00:06:01.404] [main/INFO] [Easy NPC/]: - Registering Synched Model Position Data for EasyNPCBaseModelEntity.
[07Oct2025 00:06:01.404] [main/WARN] [net.minecraft.network.syncher.SynchedEntityData/]: defineId called for: class de.markusbordihn.easynpc.entity.EasyNPCBaseModelEntity from interface de.markusbordihn.easynpc.entity.easynpc.data.ModelPositionData
[07Oct2025 00:06:01.404] [main/WARN] [net.minecraft.network.syncher.SynchedEntityData/]: defineId called for: class de.markusbordihn.easynpc.entity.EasyNPCBaseModelEntity from interface de.markusbordihn.easynpc.entity.easynpc.data.ModelPositionData
[07Oct2025 00:06:01.405] [main/WARN] [net.minecraft.network.syncher.SynchedEntityData/]: defineId called for: class de.markusbordihn.easynpc.entity.EasyNPCBaseModelEntity from interface de.markusbordihn.easynpc.entity.easynpc.data.ModelPositionData
[07Oct2025 00:06:01.405] [main/WARN] [net.minecraft.network.syncher.SynchedEntityData/]: defineId called for: class de.markusbordihn.easynpc.entity.EasyNPCBaseModelEntity from interface de.markusbordihn.easynpc.entity.easynpc.data.ModelPositionData
[07Oct2025 00:06:01.405] [main/WARN] [net.minecraft.network.syncher.SynchedEntityData/]: defineId called for: class de.markusbordihn.easynpc.entity.EasyNPCBaseModelEntity from interface de.markusbordihn.easynpc.entity.easynpc.data.ModelPositionData
[07Oct2025 00:06:01.405] [main/WARN] [net.minecraft.network.syncher.SynchedEntityData/]: defineId called for: class de.markusbordihn.easynpc.entity.EasyNPCBaseModelEntity from interface de.markusbordihn.easynpc.entity.easynpc.data.ModelPositionData
[07Oct2025 00:06:01.405] [main/WARN] [net.minecraft.network.syncher.SynchedEntityData/]: defineId called for: class de.markusbordihn.easynpc.entity.EasyNPCBaseModelEntity from interface de.markusbordihn.easynpc.entity.easynpc.data.ModelPositionData
[07Oct2025 00:06:01.405] [main/INFO] [Easy NPC/]: - Registering Synched Model Rotation Data for EasyNPCBaseModelEntity.
[07Oct2025 00:06:01.405] [main/WARN] [net.minecraft.network.syncher.SynchedEntityData/]: defineId called for: class de.markusbordihn.easynpc.entity.EasyNPCBaseModelEntity from interface de.markusbordihn.easynpc.entity.easynpc.data.ModelRotationData
[07Oct2025 00:06:01.406] [main/WARN] [net.minecraft.network.syncher.SynchedEntityData/]: defineId called for: class de.markusbordihn.easynpc.entity.EasyNPCBaseModelEntity from interface de.markusbordihn.easynpc.entity.easynpc.data.ModelRotationData
[07Oct2025 00:06:01.406] [main/WARN] [net.minecraft.network.syncher.SynchedEntityData/]: defineId called for: class de.markusbordihn.easynpc.entity.EasyNPCBaseModelEntity from interface de.markusbordihn.easynpc.entity.easynpc.data.ModelRotationData
[07Oct2025 00:06:01.406] [main/WARN] [net.minecraft.network.syncher.SynchedEntityData/]: defineId called for: class de.markusbordihn.easynpc.entity.EasyNPCBaseModelEntity from interface de.markusbordihn.easynpc.entity.easynpc.data.ModelRotationData
[07Oct2025 00:06:01.406] [main/WARN] [net.minecraft.network.syncher.SynchedEntityData/]: defineId called for: class de.markusbordihn.easynpc.entity.EasyNPCBaseModelEntity from interface de.markusbordihn.easynpc.entity.easynpc.data.ModelRotationData
[07Oct2025 00:06:01.406] [main/WARN] [net.minecraft.network.syncher.SynchedEntityData/]: defineId called for: class de.markusbordihn.easynpc.entity.EasyNPCBaseModelEntity from interface de.markusbordihn.easynpc.entity.easynpc.data.ModelRotationData
[07Oct2025 00:06:01.406] [main/WARN] [net.minecraft.network.syncher.SynchedEntityData/]: defineId called for: class de.markusbordihn.easynpc.entity.EasyNPCBaseModelEntity from interface de.markusbordihn.easynpc.entity.easynpc.data.ModelRotationData
[07Oct2025 00:06:01.407] [main/WARN] [net.minecraft.network.syncher.SynchedEntityData/]: defineId called for: class de.markusbordihn.easynpc.entity.EasyNPCBaseModelEntity from interface de.markusbordihn.easynpc.entity.easynpc.data.ModelRotationData
[07Oct2025 00:06:01.407] [main/WARN] [net.minecraft.network.syncher.SynchedEntityData/]: defineId called for: class de.markusbordihn.easynpc.entity.EasyNPCBaseModelEntity from interface de.markusbordihn.easynpc.entity.easynpc.data.ModelRotationData
[07Oct2025 00:06:01.407] [main/INFO] [Easy NPC/]: - Registering Synched Model Visibility Data for EasyNPCBaseModelEntity.
[07Oct2025 00:06:01.407] [main/WARN] [net.minecraft.network.syncher.SynchedEntityData/]: defineId called for: class de.markusbordihn.easynpc.entity.EasyNPCBaseModelEntity from interface de.markusbordihn.easynpc.entity.easynpc.data.ModelVisibilityData
[07Oct2025 00:06:01.407] [main/WARN] [net.minecraft.network.syncher.SynchedEntityData/]: defineId called for: class de.markusbordihn.easynpc.entity.EasyNPCBaseModelEntity from interface de.markusbordihn.easynpc.entity.easynpc.data.ModelVisibilityData
[07Oct2025 00:06:01.407] [main/WARN] [net.minecraft.network.syncher.SynchedEntityData/]: defineId called for: class de.markusbordihn.easynpc.entity.EasyNPCBaseModelEntity from interface de.markusbordihn.easynpc.entity.easynpc.data.ModelVisibilityData
[07Oct2025 00:06:01.408] [main/WARN] [net.minecraft.network.syncher.SynchedEntityData/]: defineId called for: class de.markusbordihn.easynpc.entity.EasyNPCBaseModelEntity from interface de.markusbordihn.easynpc.entity.easynpc.data.ModelVisibilityData
[07Oct2025 00:06:01.408] [main/WARN] [net.minecraft.network.syncher.SynchedEntityData/]: defineId called for: class de.markusbordihn.easynpc.entity.EasyNPCBaseModelEntity from interface de.markusbordihn.easynpc.entity.easynpc.data.ModelVisibilityData
[07Oct2025 00:06:01.408] [main/WARN] [net.minecraft.network.syncher.SynchedEntityData/]: defineId called for: class de.markusbordihn.easynpc.entity.EasyNPCBaseModelEntity from interface de.markusbordihn.easynpc.entity.easynpc.data.ModelVisibilityData
[07Oct2025 00:06:01.408] [main/WARN] [net.minecraft.network.syncher.SynchedEntityData/]: defineId called for: class de.markusbordihn.easynpc.entity.EasyNPCBaseModelEntity from interface de.markusbordihn.easynpc.entity.easynpc.data.ModelVisibilityData
[07Oct2025 00:06:01.408] [main/WARN] [net.minecraft.network.syncher.SynchedEntityData/]: defineId called for: class de.markusbordihn.easynpc.entity.EasyNPCBaseModelEntity from interface de.markusbordihn.easynpc.entity.easynpc.data.ModelVisibilityData
[07Oct2025 00:06:01.408] [main/WARN] [net.minecraft.network.syncher.SynchedEntityData/]: defineId called for: class de.markusbordihn.easynpc.entity.EasyNPCBaseModelEntity from interface de.markusbordihn.easynpc.entity.easynpc.data.ModelVisibilityData
[07Oct2025 00:06:01.409] [main/WARN] [net.minecraft.network.syncher.SynchedEntityData/]: defineId called for: class de.markusbordihn.easynpc.entity.EasyNPCBaseModelEntity from interface de.markusbordihn.easynpc.entity.easynpc.data.ModelVisibilityData
[07Oct2025 00:06:01.409] [main/WARN] [net.minecraft.network.syncher.SynchedEntityData/]: defineId called for: class de.markusbordihn.easynpc.entity.EasyNPCBaseModelEntity from interface de.markusbordihn.easynpc.entity.easynpc.data.ModelVisibilityData
[07Oct2025 00:06:01.409] [main/INFO] [Easy NPC/]: - Registering Synched Scale Data for EasyNPCBaseModelEntity.
[07Oct2025 00:06:01.409] [main/WARN] [net.minecraft.network.syncher.SynchedEntityData/]: defineId called for: class de.markusbordihn.easynpc.entity.EasyNPCBaseModelEntity from interface de.markusbordihn.easynpc.entity.easynpc.data.ScaleData
[07Oct2025 00:06:01.409] [main/WARN] [net.minecraft.network.syncher.SynchedEntityData/]: defineId called for: class de.markusbordihn.easynpc.entity.EasyNPCBaseModelEntity from interface de.markusbordihn.easynpc.entity.easynpc.data.ScaleData
[07Oct2025 00:06:01.409] [main/WARN] [net.minecraft.network.syncher.SynchedEntityData/]: defineId called for: class de.markusbordihn.easynpc.entity.EasyNPCBaseModelEntity from interface de.markusbordihn.easynpc.entity.easynpc.data.ScaleData
[07Oct2025 00:06:01.461] [main/WARN] [net.minecraft.network.syncher.SynchedEntityData/]: defineId called for: class forge.net.mca.entity.VillagerEntityMCA from class forge.net.mca.util.network.datasync.CDataParameter
[07Oct2025 00:06:01.461] [main/WARN] [net.minecraft.network.syncher.SynchedEntityData/]: defineId called for: class forge.net.mca.entity.VillagerEntityMCA from class forge.net.mca.util.network.datasync.CDataParameter
[07Oct2025 00:06:01.461] [main/WARN] [net.minecraft.network.syncher.SynchedEntityData/]: defineId called for: class forge.net.mca.entity.VillagerEntityMCA from class forge.net.mca.util.network.datasync.CDataParameter
[07Oct2025 00:06:01.462] [main/WARN] [net.minecraft.network.syncher.SynchedEntityData/]: defineId called for: class forge.net.mca.entity.VillagerEntityMCA from class forge.net.mca.util.network.datasync.CDataParameter
[07Oct2025 00:06:01.462] [main/WARN] [net.minecraft.network.syncher.SynchedEntityData/]: defineId called for: class forge.net.mca.entity.VillagerEntityMCA from class forge.net.mca.util.network.datasync.CDataParameter
[07Oct2025 00:06:01.462] [main/WARN] [net.minecraft.network.syncher.SynchedEntityData/]: defineId called for: class forge.net.mca.entity.VillagerEntityMCA from class forge.net.mca.util.network.datasync.CDataParameter
[07Oct2025 00:06:01.462] [main/WARN] [net.minecraft.network.syncher.SynchedEntityData/]: defineId called for: class forge.net.mca.entity.VillagerEntityMCA from class forge.net.mca.util.network.datasync.CDataParameter
[07Oct2025 00:06:01.463] [main/WARN] [net.minecraft.network.syncher.SynchedEntityData/]: defineId called for: class forge.net.mca.entity.VillagerEntityMCA from class forge.net.mca.util.network.datasync.CEnumParameter
[07Oct2025 00:06:01.464] [main/WARN] [net.minecraft.network.syncher.SynchedEntityData/]: defineId called for: class forge.net.mca.entity.VillagerEntityMCA from class forge.net.mca.util.network.datasync.CDataParameter
[07Oct2025 00:06:01.465] [main/WARN] [net.minecraft.network.syncher.SynchedEntityData/]: defineId called for: class forge.net.mca.entity.VillagerEntityMCA from class forge.net.mca.util.network.datasync.CDataParameter
[07Oct2025 00:06:01.465] [main/WARN] [net.minecraft.network.syncher.SynchedEntityData/]: defineId called for: class forge.net.mca.entity.VillagerEntityMCA from class forge.net.mca.util.network.datasync.CDataParameter
[07Oct2025 00:06:01.465] [main/WARN] [net.minecraft.network.syncher.SynchedEntityData/]: defineId called for: class forge.net.mca.entity.VillagerEntityMCA from class forge.net.mca.util.network.datasync.CDataParameter
[07Oct2025 00:06:01.465] [main/WARN] [net.minecraft.network.syncher.SynchedEntityData/]: defineId called for: class forge.net.mca.entity.VillagerEntityMCA from class forge.net.mca.util.network.datasync.CDataParameter
[07Oct2025 00:06:01.465] [main/WARN] [net.minecraft.network.syncher.SynchedEntityData/]: defineId called for: class forge.net.mca.entity.VillagerEntityMCA from class forge.net.mca.util.network.datasync.CDataParameter
[07Oct2025 00:06:01.466] [main/WARN] [net.minecraft.network.syncher.SynchedEntityData/]: defineId called for: class forge.net.mca.entity.VillagerEntityMCA from class forge.net.mca.util.network.datasync.CDataParameter
[07Oct2025 00:06:01.466] [main/WARN] [net.minecraft.network.syncher.SynchedEntityData/]: defineId called for: class forge.net.mca.entity.VillagerEntityMCA from class forge.net.mca.util.network.datasync.CDataParameter
[07Oct2025 00:06:01.466] [main/WARN] [net.minecraft.network.syncher.SynchedEntityData/]: defineId called for: class forge.net.mca.entity.VillagerEntityMCA from class forge.net.mca.util.network.datasync.CDataParameter
[07Oct2025 00:06:01.466] [main/WARN] [net.minecraft.network.syncher.SynchedEntityData/]: defineId called for: class forge.net.mca.entity.VillagerEntityMCA from class forge.net.mca.util.network.datasync.CDataParameter
[07Oct2025 00:06:01.466] [main/WARN] [net.minecraft.network.syncher.SynchedEntityData/]: defineId called for: class forge.net.mca.entity.VillagerEntityMCA from class forge.net.mca.util.network.datasync.CDataParameter
[07Oct2025 00:06:01.467] [main/WARN] [net.minecraft.network.syncher.SynchedEntityData/]: defineId called for: class forge.net.mca.entity.VillagerEntityMCA from class forge.net.mca.util.network.datasync.CEnumParameter
[07Oct2025 00:06:01.467] [main/WARN] [net.minecraft.network.syncher.SynchedEntityData/]: defineId called for: class forge.net.mca.entity.VillagerEntityMCA from class forge.net.mca.util.network.datasync.CDataParameter
[07Oct2025 00:06:01.471] [main/WARN] [net.minecraft.network.syncher.SynchedEntityData/]: defineId called for: class forge.net.mca.entity.VillagerEntityMCA from class forge.net.mca.util.network.datasync.CDataParameter
[07Oct2025 00:06:01.472] [main/WARN] [net.minecraft.network.syncher.SynchedEntityData/]: defineId called for: class forge.net.mca.entity.VillagerEntityMCA from class forge.net.mca.util.network.datasync.CEnumParameter
[07Oct2025 00:06:01.472] [main/WARN] [net.minecraft.network.syncher.SynchedEntityData/]: defineId called for: class forge.net.mca.entity.VillagerEntityMCA from class forge.net.mca.util.network.datasync.CDataParameter
[07Oct2025 00:06:01.472] [main/WARN] [net.minecraft.network.syncher.SynchedEntityData/]: defineId called for: class forge.net.mca.entity.VillagerEntityMCA from class forge.net.mca.util.network.datasync.CEnumParameter
[07Oct2025 00:06:01.472] [main/WARN] [net.minecraft.network.syncher.SynchedEntityData/]: defineId called for: class forge.net.mca.entity.VillagerEntityMCA from class forge.net.mca.util.network.datasync.CEnumParameter
[07Oct2025 00:06:01.472] [main/WARN] [net.minecraft.network.syncher.SynchedEntityData/]: defineId called for: class forge.net.mca.entity.VillagerEntityMCA from class forge.net.mca.util.network.datasync.CDataParameter
[07Oct2025 00:06:01.472] [main/WARN] [net.minecraft.network.syncher.SynchedEntityData/]: defineId called for: class forge.net.mca.entity.VillagerEntityMCA from class forge.net.mca.util.network.datasync.CDataParameter
[07Oct2025 00:06:01.473] [main/WARN] [net.minecraft.network.syncher.SynchedEntityData/]: defineId called for: class forge.net.mca.entity.VillagerEntityMCA from class forge.net.mca.util.network.datasync.CDataParameter
[07Oct2025 00:06:01.473] [main/WARN] [net.minecraft.network.syncher.SynchedEntityData/]: defineId called for: class forge.net.mca.entity.VillagerEntityMCA from class forge.net.mca.util.network.datasync.CDataParameter
[07Oct2025 00:06:01.473] [main/WARN] [net.minecraft.network.syncher.SynchedEntityData/]: defineId called for: class forge.net.mca.entity.VillagerEntityMCA from class forge.net.mca.util.network.datasync.CDataParameter
[07Oct2025 00:06:01.475] [main/WARN] [net.minecraft.network.syncher.SynchedEntityData/]: defineId called for: class forge.net.mca.entity.VillagerEntityMCA from class forge.net.mca.util.network.datasync.CDataParameter
[07Oct2025 00:06:01.479] [main/WARN] [net.minecraft.network.syncher.SynchedEntityData/]: defineId called for: class forge.net.mca.entity.VillagerEntityMCA from class forge.net.mca.util.network.datasync.CDataParameter
[07Oct2025 00:06:01.479] [main/WARN] [net.minecraft.network.syncher.SynchedEntityData/]: defineId called for: class forge.net.mca.entity.VillagerEntityMCA from class forge.net.mca.util.network.datasync.CDataParameter
[07Oct2025 00:06:01.480] [main/WARN] [net.minecraft.network.syncher.SynchedEntityData/]: defineId called for: class forge.net.mca.entity.VillagerEntityMCA from class forge.net.mca.util.network.datasync.CDataParameter
[07Oct2025 00:06:01.480] [main/WARN] [net.minecraft.network.syncher.SynchedEntityData/]: defineId called for: class forge.net.mca.entity.VillagerEntityMCA from class forge.net.mca.util.network.datasync.CDataParameter
[07Oct2025 00:06:01.481] [main/WARN] [net.minecraft.network.syncher.SynchedEntityData/]: defineId called for: class forge.net.mca.entity.VillagerEntityMCA from class forge.net.mca.util.network.datasync.CDataParameter
[07Oct2025 00:06:01.481] [main/WARN] [net.minecraft.network.syncher.SynchedEntityData/]: defineId called for: class forge.net.mca.entity.GrimReaperEntity from class forge.net.mca.util.network.datasync.CEnumParameter
[07Oct2025 00:06:01.519] [main/WARN] [net.minecraft.network.syncher.SynchedEntityData/]: defineId called for: class com.github.alexmodguy.alexscaves.server.entity.living.TremorzillaEntity from class com.github.alexmodguy.alexscaves.server.entity.living.LicowitchEntity
[07Oct2025 00:06:01.527] [main/WARN] [net.minecraft.network.syncher.SynchedEntityData/]: defineId called for: class net.miauczel.legendary_monsters.entity.AnimatedMonster.Mobs.Shulker_MimicEntity from class net.miauczel.legendary_monsters.entity.AnimatedMonster.Old.OldShulkerMimic
[07Oct2025 00:06:01.528] [main/WARN] [net.minecraft.network.syncher.SynchedEntityData/]: defineId called for: class net.miauczel.legendary_monsters.entity.AnimatedMonster.IAnimatedBoss.CloudGolem.Cloud_GolemEntity from class net.miauczel.legendary_monsters.entity.AnimatedMonster.OriginClasses.IAnimatedBoss
[07Oct2025 00:06:01.529] [main/WARN] [net.minecraft.network.syncher.SynchedEntityData/]: defineId called for: class net.miauczel.legendary_monsters.entity.AnimatedMonster.IAnimatedBoss.CloudGolem.Cloud_GolemEntity from class net.miauczel.legendary_monsters.entity.AnimatedMonster.OriginClasses.IAnimatedBoss
[07Oct2025 00:06:01.529] [main/WARN] [net.minecraft.network.syncher.SynchedEntityData/]: defineId called for: class net.miauczel.legendary_monsters.entity.AnimatedMonster.IAnimatedBoss.CloudGolem.Cloud_GolemEntity from class net.miauczel.legendary_monsters.entity.AnimatedMonster.OriginClasses.IAnimatedBoss
[07Oct2025 00:06:01.629] [main/INFO] [Puzzles Lib/]: Loading common config for mutantmonsters
[07Oct2025 00:06:01.692] [main/INFO] [Spartan Shields/]: Loading config spartanshields-common.toml
[07Oct2025 00:06:01.862] [modloading-worker-0/INFO] [Spartan Weaponry/]: Setting up Spartan Weaponry!
[07Oct2025 00:06:01.962] [modloading-worker-0/INFO] [firstaid/]: firstaid starting...
[07Oct2025 00:06:01.993] [Forge Version Check/INFO] [net.minecraftforge.fml.VersionChecker/]: [illagerinvasion] Starting version check at https://raw.githubusercontent.com/Fuzss/modresources/main/update/illagerinvasion.json
[07Oct2025 00:06:02.001] [modloading-worker-0/INFO] [CPM/]: Customizable Player Models Initialized
[07Oct2025 00:06:02.012] [modloading-worker-0/INFO] [voicechat/]: [voicechat] Compatibility version 20
[07Oct2025 00:06:02.050] [modloading-worker-0/INFO] [com.azukaar.difficultyoverhaul.DifficultyOverhaul/]: Initializing AFDO
[07Oct2025 00:06:02.054] [Forge Version Check/INFO] [net.minecraftforge.fml.VersionChecker/]: [illagerinvasion] Found status: UP_TO_DATE Current: 8.0.7 Target: null
[07Oct2025 00:06:02.054] [Forge Version Check/INFO] [net.minecraftforge.fml.VersionChecker/]: [structure_gel] Starting version check at http://changelogs.moddinglegacy.com/structure-gel.json
[07Oct2025 00:06:02.129] [modloading-worker-0/INFO] [voicechat/]: [voicechat] Loading plugins
[07Oct2025 00:06:02.130] [modloading-worker-0/INFO] [Spartan Shields/]: Setting up Spartan Shields!
[07Oct2025 00:06:02.146] [modloading-worker-0/INFO] [voicechat/]: [voicechat] Loaded 1 plugin(s)
[07Oct2025 00:06:02.146] [modloading-worker-0/INFO] [voicechat/]: [voicechat] Initializing plugins
[07Oct2025 00:06:02.167] [modloading-worker-0/INFO] [Sound Physics - General/]: Initializing Simple Voice Chat integration
[07Oct2025 00:06:02.167] [modloading-worker-0/INFO] [voicechat/]: [voicechat] Initialized 1 plugin(s)
[07Oct2025 00:06:02.171] [modloading-worker-0/INFO] [voicechat/]: [voicechat] Registering events for 'sound_physics_remastered'
[07Oct2025 00:06:02.198] [modloading-worker-0/INFO] [spawnanimations/]: [Spawn Animations] Loaded Spawn Animations by Tschipcraft successfully!
[07Oct2025 00:06:02.388] [Forge Version Check/INFO] [net.minecraftforge.fml.VersionChecker/]: [structure_gel] Found status: BETA Current: 2.16.2 Target: null
[07Oct2025 00:06:02.389] [Forge Version Check/INFO] [net.minecraftforge.fml.VersionChecker/]: [corpse] Starting version check at https://update.maxhenkel.de/forge/corpse
[07Oct2025 00:06:02.608] [main/INFO] [Easy NPC/]: 🗣 Register Easy NPC Network Handler for net.minecraftforge.network.simple.SimpleChannel@1d6932 with version 23
[07Oct2025 00:06:02.610] [main/INFO] [Easy NPC/]: 🗣 Register Easy NPC Network Handler ...
[07Oct2025 00:06:02.610] [main/INFO] [Easy NPC/]: Registering network messages for BOTH side ...
[07Oct2025 00:06:02.611] [main/INFO] [Easy NPC/]: [NetworkHandler] Registering client network message ExportClientPresetMessage with easy_npc:preset_export_client (0)
[07Oct2025 00:06:02.612] [main/INFO] [Easy NPC/]: [NetworkHandler] Registering client network message OpenMenuCallbackMessage with easy_npc:open_menu_callback_message (1)
[07Oct2025 00:06:02.613] [main/INFO] [Easy NPC/]: [NetworkHandler] Registering client network message SyncDataMessage with easy_npc:sync_data (2)
[07Oct2025 00:06:02.614] [main/INFO] [Easy NPC/]: [NetworkHandler] Registering server network message AddOrUpdateObjectiveMessage with easy_npc:add_objective (3)
[07Oct2025 00:06:02.616] [main/INFO] [Easy NPC/]: [NetworkHandler] Registering server network message ChangeActionEventMessage with easy_npc:change_action_event (4)
[07Oct2025 00:06:02.618] [main/INFO] [Easy NPC/]: [NetworkHandler] Registering server network message ChangeAdvancedTradingMessage with easy_npc:change_advanced_trading (5)
[07Oct2025 00:06:02.618] [main/INFO] [Easy NPC/]: [NetworkHandler] Registering server network message ChangeBasicTradingMessage with easy_npc:change_basic_trading (6)
[07Oct2025 00:06:02.620] [main/INFO] [Easy NPC/]: [NetworkHandler] Registering server network message ChangeCombatAttributeMessage with easy_npc:change_combat_attribute (7)
[07Oct2025 00:06:02.621] [main/INFO] [Easy NPC/]: [NetworkHandler] Registering server network message ChangeDisplayAttributeMessage with easy_npc:change_display_attribute (8)
[07Oct2025 00:06:02.623] [main/INFO] [Easy NPC/]: [NetworkHandler] Registering server network message ChangeEntityAttributeMessage with easy_npc:change_entity_attribute (9)
[07Oct2025 00:06:02.625] [main/INFO] [Easy NPC/]: [NetworkHandler] Registering server network message ChangeEntityBaseAttributeMessage with easy_npc:change_entity_base_attribute (10)
[07Oct2025 00:06:02.626] [main/INFO] [Easy NPC/]: [NetworkHandler] Registering server network message ChangeEnvironmentalAttributeMessage with easy_npc:change_environmental_attribute (11)
[07Oct2025 00:06:02.627] [main/INFO] [Easy NPC/]: [NetworkHandler] Registering server network message ChangeInteractionAttributeMessage with easy_npc:change_interaction_attribute (12)
[07Oct2025 00:06:02.633] [main/INFO] [Easy NPC/]: [NetworkHandler] Registering server network message ChangeModelEquipmentVisibilityMessage with easy_npc:change_model_equipment_visibility (13)
[07Oct2025 00:06:02.634] [main/INFO] [Easy NPC/]: [NetworkHandler] Registering server network message ChangeModelLockRotationMessage with easy_npc:change_model_lock_rotation (14)
[07Oct2025 00:06:02.634] [main/INFO] [Easy NPC/]: [NetworkHandler] Registering server network message ChangeModelPoseMessage with easy_npc:change_model_pose (15)
[07Oct2025 00:06:02.636] [main/INFO] [Easy NPC/]: [NetworkHandler] Registering server network message ChangeModelPositionMessage with easy_npc:change_model_position (16)
[07Oct2025 00:06:02.636] [main/INFO] [Easy NPC/]: [NetworkHandler] Registering server network message ChangeModelRotationMessage with easy_npc:change_model_rotation (17)
[07Oct2025 00:06:02.637] [main/INFO] [Easy NPC/]: [NetworkHandler] Registering server network message ChangeModelVisibilityMessage with easy_npc:change_model_visibility (18)
[07Oct2025 00:06:02.638] [main/INFO] [Easy NPC/]: [NetworkHandler] Registering server network message ChangeMovementAttributeMessage with easy_npc:change_movement_attribute (19)
[07Oct2025 00:06:02.639] [main/INFO] [Easy NPC/]: [NetworkHandler] Registering server network message ChangeNameMessage with easy_npc:change_name (20)
[07Oct2025 00:06:02.640] [main/INFO] [Easy NPC/]: [NetworkHandler] Registering server network message ChangePoseMessage with easy_npc:change_pose (21)
[07Oct2025 00:06:02.641] [main/INFO] [Easy NPC/]: [NetworkHandler] Registering server network message ChangePositionMessage with easy_npc:change_position (22)
[07Oct2025 00:06:02.641] [main/INFO] [Easy NPC/]: [NetworkHandler] Registering server network message ChangeProfessionMessage with easy_npc:change_profession (23)
[07Oct2025 00:06:02.643] [main/INFO] [Easy NPC/]: [NetworkHandler] Registering server network message ChangeRendererMessage with easy_npc:change_renderer (24)
[07Oct2025 00:06:02.644] [main/INFO] [Easy NPC/]: [NetworkHandler] Registering server network message ChangeScaleMessage with easy_npc:change_scale (25)
[07Oct2025 00:06:02.645] [main/INFO] [Easy NPC/]: [NetworkHandler] Registering server network message ChangeSkinMessage with easy_npc:change_skin (26)
[07Oct2025 00:06:02.646] [main/INFO] [Easy NPC/]: [NetworkHandler] Registering server network message ChangeSpawnerSettingMessage with easy_npc:change_spawner_settings (27)
[07Oct2025 00:06:02.647] [main/INFO] [Easy NPC/]: [NetworkHandler] Registering server network message ChangeTradingTypeMessage with easy_npc:change_trading_type (28)
[07Oct2025 00:06:02.648] [main/INFO] [Easy NPC/]: [NetworkHandler] Registering server network message ExecuteActionEventMessage with easy_npc:trigger_action_event (29)
[07Oct2025 00:06:02.649] [main/INFO] [Easy NPC/]: [NetworkHandler] Registering server network message ExecuteDialogButtonActionMessage with easy_npc:dialog_button_action (30)
[07Oct2025 00:06:02.650] [main/INFO] [Easy NPC/]: [NetworkHandler] Registering server network message ExportPresetMessage with easy_npc:export_preset (31)
[07Oct2025 00:06:02.651] [main/INFO] [Easy NPC/]: [NetworkHandler] Registering server network message ExportWorldPresetMessage with easy_npc:export_world_preset (32)
[07Oct2025 00:06:02.652] [main/INFO] [Easy NPC/]: [NetworkHandler] Registering server network message ImportPresetMessage with easy_npc:import_preset (33)
[07Oct2025 00:06:02.652] [main/INFO] [Easy NPC/]: [NetworkHandler] Registering server network message OpenActionDataEditorMessage with easy_npc:open_action_data_editor (34)
[07Oct2025 00:06:02.653] [main/INFO] [Easy NPC/]: [NetworkHandler] Registering server network message OpenActionDataEntryEditorMessage with easy_npc:open_action_data_entry_editor (35)
[07Oct2025 00:06:02.654] [main/INFO] [Easy NPC/]: [NetworkHandler] Registering server network message OpenConfigurationMessage with easy_npc:open_configuration_screen (36)
[07Oct2025 00:06:02.655] [main/INFO] [Easy NPC/]: [NetworkHandler] Registering server network message OpenDialogButtonEditorMessage with easy_npc:open_dialog_button_editor (37)
[07Oct2025 00:06:02.655] [main/INFO] [Easy NPC/]: [NetworkHandler] Registering server network message OpenDialogEditorMessage with easy_npc:open_dialog_editor (38)
[07Oct2025 00:06:02.656] [main/INFO] [Easy NPC/]: [NetworkHandler] Registering server network message OpenMenuMessage with easy_npc:open_menu_message (39)
[07Oct2025 00:06:02.657] [main/INFO] [Easy NPC/]: [NetworkHandler] Registering server network message OpenDialogTextEditorMessage with easy_npc:open_dialog_text_editor (40)
[07Oct2025 00:06:02.657] [main/INFO] [Easy NPC/]: [NetworkHandler] Registering server network message RemoveDialogButtonMessage with easy_npc:remove_dialog_button (41)
[07Oct2025 00:06:02.659] [main/INFO] [Easy NPC/]: [NetworkHandler] Registering server network message RemoveDialogMessage with easy_npc:remove_dialog (42)
[07Oct2025 00:06:02.660] [main/INFO] [Easy NPC/]: [NetworkHandler] Registering server network message RemoveNPCMessage with easy_npc:remove_npc (43)
[07Oct2025 00:06:02.661] [main/INFO] [Easy NPC/]: [NetworkHandler] Registering server network message RemoveObjectiveMessage with easy_npc:remove_objective (44)
[07Oct2025 00:06:02.662] [main/INFO] [Easy NPC/]: [NetworkHandler] Registering server network message RequestDataSyncMessage with easy_npc:request_data_sync (45)
[07Oct2025 00:06:02.663] [main/INFO] [Easy NPC/]: [NetworkHandler] Registering server network message RespawnNPCMessage with easy_npc:respawn_npc (46)
[07Oct2025 00:06:02.665] [main/INFO] [Easy NPC/]: [NetworkHandler] Registering server network message SaveDialogButtonMessage with easy_npc:save_dialog_button (47)
[07Oct2025 00:06:02.665] [main/INFO] [Easy NPC/]: [NetworkHandler] Registering server network message SaveDialogMessage with easy_npc:save_dialog (48)
[07Oct2025 00:06:02.666] [main/INFO] [Easy NPC/]: [NetworkHandler] Registering server network message SaveDialogSetMessage with easy_npc:save_dialog_set (49)
[07Oct2025 00:06:02.732] [main/INFO] [com.tiviacz.travelersbackpack.TravelersBackpack/]: Registered the FluidEffect with Unique ID of minecraft:water for Water (Fluid Amount Required: 1000) with the ID 0
[07Oct2025 00:06:02.732] [main/INFO] [com.tiviacz.travelersbackpack.TravelersBackpack/]: Registered the FluidEffect with Unique ID of minecraft:lava for Lava (Fluid Amount Required: 1000) with the ID 1
[07Oct2025 00:06:02.733] [main/INFO] [com.tiviacz.travelersbackpack.TravelersBackpack/]: Registered the FluidEffect with Unique ID of travelersbackpack:potion for Uncraftable Potion (Fluid Amount Required: 250) with the ID 2
[07Oct2025 00:06:02.734] [main/INFO] [com.tiviacz.travelersbackpack.TravelersBackpack/]: Registered the FluidEffect with Unique ID of minecraft:milk for Milk (Fluid Amount Required: 1000) with the ID 3
[07Oct2025 00:06:02.734] [main/INFO] [com.tiviacz.travelersbackpack.TravelersBackpack/]: Registered the FluidEffect with Unique ID of toughasnails:potion for Uncraftable Potion (Fluid Amount Required: 250) with the ID 4
[07Oct2025 00:06:02.735] [main/INFO] [com.tiviacz.travelersbackpack.TravelersBackpack/]: Registered the FluidEffect with Unique ID of toughasnails:water_canteen for Water (Fluid Amount Required: 200) with the ID 5
[07Oct2025 00:06:02.735] [main/INFO] [com.tiviacz.travelersbackpack.TravelersBackpack/]: Registered the FluidEffect with Unique ID of toughasnails:water for Water (Fluid Amount Required: 1000) with the ID 6
[07Oct2025 00:06:02.820] [modloading-worker-0/INFO] [CPM/]: Customizable Player Models API initialized: Loaded plugins: (0)

[07Oct2025 00:06:02.900] [modloading-worker-0/INFO] [Jade/]: Start loading plugin at de.maxhenkel.corpse.integration.waila.PluginCorpse
[07Oct2025 00:06:02.914] [modloading-worker-0/INFO] [Jade/]: Start loading plugin at com.ferreusveritas.dynamictrees.compat.waila.WailaCompat
[07Oct2025 00:06:02.916] [modloading-worker-0/INFO] [Jade/]: Start loading plugin at snownee.jade.addon.vanilla.VanillaPlugin
[07Oct2025 00:06:02.932] [modloading-worker-0/INFO] [Jade/]: Start loading plugin at snownee.jade.addon.universal.UniversalPlugin
[07Oct2025 00:06:02.936] [modloading-worker-0/INFO] [Jade/]: Start loading plugin at snownee.jade.addon.core.CorePlugin
[07Oct2025 00:06:02.938] [modloading-worker-0/INFO] [Jade/]: Start loading plugin at net.geforcemods.securitycraft.compat.hudmods.JadeDataProvider
[07Oct2025 00:06:02.940] [Forge Version Check/INFO] [net.minecraftforge.fml.VersionChecker/]: [corpse] Found status: OUTDATED Current: 1.20.1-1.0.21 Target: 1.20.1-1.0.23
[07Oct2025 00:06:02.943] [Forge Version Check/INFO] [net.minecraftforge.fml.VersionChecker/]: [hangglider] Starting version check at https://raw.githubusercontent.com/Fuzss/modresources/main/update/hangglider.json
[07Oct2025 00:06:02.956] [Forge Version Check/INFO] [net.minecraftforge.fml.VersionChecker/]: [hangglider] Found status: UP_TO_DATE Current: 8.0.1 Target: null
[07Oct2025 00:06:02.956] [Forge Version Check/INFO] [net.minecraftforge.fml.VersionChecker/]: [dungeons_enhanced] Starting version check at https://raw.githubusercontent.com/Ametrin-Studios/DungeonsEnhanced/refs/heads/master/update.json
[07Oct2025 00:06:02.970] [Forge Version Check/INFO] [net.minecraftforge.fml.VersionChecker/]: [dungeons_enhanced] Found status: OUTDATED Current: 5.4.1 Target: 5.4.3
[07Oct2025 00:06:02.970] [Forge Version Check/INFO] [net.minecraftforge.fml.VersionChecker/]: [scalinghealth] Starting version check at https://raw.githubusercontent.com/SilentChaos512/ScalingHealth/1.18/update.json
[07Oct2025 00:06:02.983] [Forge Version Check/INFO] [net.minecraftforge.fml.VersionChecker/]: [scalinghealth] Found status: BETA Current: 8.0.2+9 Target: null
[07Oct2025 00:06:02.986] [Forge Version Check/INFO] [net.minecraftforge.fml.VersionChecker/]: [dynamictrees] Starting version check at https://github.com/DynamicTreesTeam/DynamicTreesVersionInfo/blob/master/DynamicTrees.json?raw=true
[07Oct2025 00:06:03.136] [Forge Version Check/INFO] [net.minecraftforge.fml.VersionChecker/]: [dynamictrees] Found status: BETA Current: 1.20.1-1.4.5 Target: null
[07Oct2025 00:06:03.137] [Forge Version Check/INFO] [net.minecraftforge.fml.VersionChecker/]: [enchantinginfuser] Starting version check at https://raw.githubusercontent.com/Fuzss/modresources/main/update/enchantinginfuser.json
[07Oct2025 00:06:03.152] [Forge Version Check/INFO] [net.minecraftforge.fml.VersionChecker/]: [enchantinginfuser] Found status: UP_TO_DATE Current: 8.0.3 Target: null
[07Oct2025 00:06:03.152] [Forge Version Check/INFO] [net.minecraftforge.fml.VersionChecker/]: [mutantmonsters] Starting version check at https://raw.githubusercontent.com/Fuzss/modresources/main/update/mutantmonsters.json
[07Oct2025 00:06:03.171] [Forge Version Check/INFO] [net.minecraftforge.fml.VersionChecker/]: [mutantmonsters] Found status: UP_TO_DATE Current: 8.0.7 Target: null
[07Oct2025 00:06:03.171] [Forge Version Check/INFO] [net.minecraftforge.fml.VersionChecker/]: [travelersbackpack] Starting version check at https://gist.githubusercontent.com/Tiviacz1337/906937677aa472285dff9d6c2a189d5e/raw
[07Oct2025 00:06:03.210] [Forge Version Check/INFO] [net.minecraftforge.fml.VersionChecker/]: [travelersbackpack] Found status: AHEAD Current: 9.1.39 Target: null
[07Oct2025 00:06:03.211] [Forge Version Check/INFO] [net.minecraftforge.fml.VersionChecker/]: [cpm] Starting version check at https://raw.githubusercontent.com/tom5454/CustomPlayerModels/master/version-check.json
[07Oct2025 00:06:03.266] [Forge Version Check/INFO] [net.minecraftforge.fml.VersionChecker/]: [cpm] Found status: BETA_OUTDATED Current: 0.6.22a Target: 0.6.24a
[07Oct2025 00:06:03.267] [Forge Version Check/INFO] [net.minecraftforge.fml.VersionChecker/]: [puzzlesaccessapi] Starting version check at https://raw.githubusercontent.com/Fuzss/modresources/main/update/puzzlesaccessapi.json
[07Oct2025 00:06:03.300] [Forge Version Check/INFO] [net.minecraftforge.fml.VersionChecker/]: [puzzlesaccessapi] Found status: BETA Current: 20.1.1 Target: null
[07Oct2025 00:06:03.300] [Forge Version Check/INFO] [net.minecraftforge.fml.VersionChecker/]: [forge] Starting version check at https://files.minecraftforge.net/net/minecraftforge/forge/promotions_slim.json
[07Oct2025 00:06:03.451] [Forge Version Check/INFO] [net.minecraftforge.fml.VersionChecker/]: [forge] Found status: OUTDATED Current: 47.3.7 Target: 47.4.0
[07Oct2025 00:06:03.452] [Forge Version Check/INFO] [net.minecraftforge.fml.VersionChecker/]: [voicechat] Starting version check at https://update.maxhenkel.de/forge/voicechat
[07Oct2025 00:06:03.554] [Forge Version Check/INFO] [net.minecraftforge.fml.VersionChecker/]: [voicechat] Found status: AHEAD Current: 1.20.1-2.6.4 Target: null
[07Oct2025 00:06:03.555] [Forge Version Check/INFO] [net.minecraftforge.fml.VersionChecker/]: [sound_physics_remastered] Starting version check at https://update.maxhenkel.de/forge/sound_physics_remastered
[07Oct2025 00:06:03.655] [Forge Version Check/INFO] [net.minecraftforge.fml.VersionChecker/]: [sound_physics_remastered] Found status: OUTDATED Current: 1.20.1-1.4.13 Target: 1.20.1-1.5.1
[07Oct2025 00:06:03.655] [Forge Version Check/INFO] [net.minecraftforge.fml.VersionChecker/]: [silentlib] Starting version check at https://raw.githubusercontent.com/SilentChaos512/SilentLib/1.20.x/update.json
[07Oct2025 00:06:03.668] [Forge Version Check/INFO] [net.minecraftforge.fml.VersionChecker/]: [silentlib] Found status: BETA Current: 8.0.0 Target: null
[07Oct2025 00:06:03.669] [Forge Version Check/INFO] [net.minecraftforge.fml.VersionChecker/]: [securitycraft] Starting version check at https://www.github.com/Geforce132/SecurityCraft/raw/master/Updates/Forge.json
[07Oct2025 00:06:03.752] [Forge Version Check/INFO] [net.minecraftforge.fml.VersionChecker/]: [securitycraft] Found status: UP_TO_DATE Current: 1.10.0.1 Target: null
[07Oct2025 00:06:03.752] [Forge Version Check/INFO] [net.minecraftforge.fml.VersionChecker/]: [spawnanimations] Starting version check at https://api.modrinth.com/updates/zrzYrlm0/forge_updates.json?forge=only
[07Oct2025 00:06:03.969] [Forge Version Check/INFO] [net.minecraftforge.fml.VersionChecker/]: [spawnanimations] Found status: OUTDATED Current: 1.11+mod Target: 1.11.1+mod
[07Oct2025 00:06:03.970] [Forge Version Check/INFO] [net.minecraftforge.fml.VersionChecker/]: [puzzleslib] Starting version check at https://raw.githubusercontent.com/Fuzss/modresources/main/update/puzzleslib.json
[07Oct2025 00:06:03.981] [Forge Version Check/INFO] [net.minecraftforge.fml.VersionChecker/]: [puzzleslib] Found status: OUTDATED Current: 8.1.32 Target: 8.1.33
[07Oct2025 00:06:05.696] [main/INFO] [com.mojang.authlib.yggdrasil.YggdrasilAuthenticationService/]: Environment: authHost='https://authserver.mojang.com', accountsHost='https://api.mojang.com', sessionHost='https://sessionserver.mojang.com', servicesHost='https://api.minecraftservices.com', name='PROD'
[07Oct2025 00:06:07.412] [main/WARN] [net.minecraft.server.packs.VanillaPackResourcesBuilder/]: Assets URL 'union:/workspaces/pepe/servidor_minecraft/libraries/net/minecraft/server/1.20.1-20230612.114412/server-1.20.1-20230612.114412-srg.jar%23269!/assets/.mcassetsroot' uses unexpected schema
[07Oct2025 00:06:07.412] [main/WARN] [net.minecraft.server.packs.VanillaPackResourcesBuilder/]: Assets URL 'union:/workspaces/pepe/servidor_minecraft/libraries/net/minecraft/server/1.20.1-20230612.114412/server-1.20.1-20230612.114412-srg.jar%23269!/data/.mcassetsroot' uses unexpected schema
[07Oct2025 00:06:09.247] [main/INFO] [Easy NPC/]: 🗣 Register Easy NPC /easy_npc commands for Easy NPC ...
[07Oct2025 00:06:09.291] [main/INFO] [Spartan Weaponry/]: Finished registering commands for Spartan Weaponry!
[07Oct2025 00:06:10.297] [Worker-Main-2/INFO] [Spartan Weaponry/]: Adding Diamond Weapons to the End City Treasure Loot Table!
[07Oct2025 00:06:10.406] [Worker-Main-2/INFO] [Spartan Weaponry/]: Adding Longbow and Heavy Crossbow related loot to the Village Fletcher Loot Table!
[07Oct2025 00:06:10.635] [Worker-Main-2/INFO] [Spartan Weaponry/]: Adding Iron Weapons to the Village Weaponsmith Loot Table!
[07Oct2025 00:06:10.838] [main/INFO] [Spartan Weaponry/]: Empty result tag:"forge:nuggets/electrum" Skipping...
[07Oct2025 00:06:10.838] [main/INFO] [net.minecraft.world.item.crafting.RecipeManager/]: Skipping loading recipe spartanweaponry:electrum_nugget_from_blasting_electrum_weapons as it's serializer returned null
[07Oct2025 00:06:10.864] [main/INFO] [Spartan Weaponry/]: Empty result tag:"forge:nuggets/platinum" Skipping...
[07Oct2025 00:06:10.864] [main/INFO] [net.minecraft.world.item.crafting.RecipeManager/]: Skipping loading recipe spartanweaponry:platinum_nugget_from_smelting_platinum_weapons as it's serializer returned null
[07Oct2025 00:06:10.887] [main/INFO] [Spartan Weaponry/]: Empty result tag:"forge:nuggets/aluminum" Skipping...
[07Oct2025 00:06:10.887] [main/INFO] [net.minecraft.world.item.crafting.RecipeManager/]: Skipping loading recipe spartanweaponry:aluminum_nugget_from_blasting_aluminum_weapons as it's serializer returned null
[07Oct2025 00:06:10.923] [main/INFO] [Spartan Weaponry/]: Empty result tag:"forge:nuggets/bronze" Skipping...
[07Oct2025 00:06:10.923] [main/INFO] [net.minecraft.world.item.crafting.RecipeManager/]: Skipping loading recipe spartanweaponry:bronze_nugget_from_blasting_bronze_weapons as it's serializer returned null
[07Oct2025 00:06:10.940] [main/INFO] [Spartan Weaponry/]: Empty result tag:"forge:nuggets/steel" Skipping...
[07Oct2025 00:06:10.940] [main/INFO] [net.minecraft.world.item.crafting.RecipeManager/]: Skipping loading recipe spartanweaponry:steel_nugget_from_blasting_steel_weapons as it's serializer returned null
[07Oct2025 00:06:10.946] [main/INFO] [Spartan Weaponry/]: Empty result tag:"forge:nuggets/invar" Skipping...
[07Oct2025 00:06:10.946] [main/INFO] [net.minecraft.world.item.crafting.RecipeManager/]: Skipping loading recipe spartanweaponry:invar_nugget_from_smelting_invar_weapons as it's serializer returned null
[07Oct2025 00:06:10.956] [main/ERROR] [net.minecraft.world.item.crafting.RecipeManager/]: Parsing error loading recipe legendary_monsters:ender_hammer
com.google.gson.JsonSyntaxException: Unknown item 'legendary_monsters:ender_hammer'
	at net.minecraftforge.common.crafting.CraftingHelper.getItem(CraftingHelper.java:160) ~[forge-1.20.1-47.3.7-universal.jar%23274!/:?]
	at net.minecraftforge.common.crafting.CraftingHelper.getItemStack(CraftingHelper.java:186) ~[forge-1.20.1-47.3.7-universal.jar%23274!/:?]
	at net.minecraft.world.item.crafting.ShapedRecipe.m_151274_(ShapedRecipe.java:286) ~[server-1.20.1-20230612.114412-srg.jar%23269!/:?]
	at net.minecraft.world.item.crafting.ShapedRecipe$Serializer.m_6729_(ShapedRecipe.java:311) ~[server-1.20.1-20230612.114412-srg.jar%23269!/:?]
	at net.minecraft.world.item.crafting.ShapedRecipe$Serializer.m_6729_(ShapedRecipe.java:301) ~[server-1.20.1-20230612.114412-srg.jar%23269!/:?]
	at net.minecraftforge.common.extensions.IForgeRecipeSerializer.fromJson(IForgeRecipeSerializer.java:23) ~[forge-1.20.1-47.3.7-universal.jar%23274!/:?]
	at net.minecraft.world.item.crafting.RecipeManager.fromJson(RecipeManager.java:171) ~[server-1.20.1-20230612.114412-srg.jar%23269!/:?]
	at net.minecraft.world.item.crafting.RecipeManager.m_5787_(RecipeManager.java:67) ~[server-1.20.1-20230612.114412-srg.jar%23269!/:?]
	at net.minecraft.world.item.crafting.RecipeManager.m_5787_(RecipeManager.java:34) ~[server-1.20.1-20230612.114412-srg.jar%23269!/:?]
	at net.minecraft.server.packs.resources.SimplePreparableReloadListener.m_10789_(SimplePreparableReloadListener.java:13) ~[server-1.20.1-20230612.114412-srg.jar%23269!/:?]
	at java.util.concurrent.CompletableFuture$UniAccept.tryFire(CompletableFuture.java:718) ~[?:?]
	at java.util.concurrent.CompletableFuture$Completion.run(CompletableFuture.java:482) ~[?:?]
	at net.minecraft.server.packs.resources.SimpleReloadInstance.m_143940_(SimpleReloadInstance.java:69) ~[server-1.20.1-20230612.114412-srg.jar%23269!/:?]
	at net.minecraft.Util.m_214652_(Util.java:783) ~[server-1.20.1-20230612.114412-srg.jar%23269!/:?]
	at net.minecraft.Util.m_214679_(Util.java:772) ~[server-1.20.1-20230612.114412-srg.jar%23269!/:?]
	at net.minecraft.server.Main.main(Main.java:166) ~[server-1.20.1-20230612.114412-srg.jar%23269!/:?]
	at jdk.internal.reflect.NativeMethodAccessorImpl.invoke0(Native Method) ~[?:?]
	at jdk.internal.reflect.NativeMethodAccessorImpl.invoke(NativeMethodAccessorImpl.java:77) ~[?:?]
	at jdk.internal.reflect.DelegatingMethodAccessorImpl.invoke(DelegatingMethodAccessorImpl.java:43) ~[?:?]
	at java.lang.reflect.Method.invoke(Method.java:569) ~[?:?]
	at net.minecraftforge.fml.loading.targets.CommonLaunchHandler.runTarget(CommonLaunchHandler.java:111) ~[fmlloader-1.20.1-47.3.7.jar%2367!/:?]
	at net.minecraftforge.fml.loading.targets.CommonLaunchHandler.serverService(CommonLaunchHandler.java:103) ~[fmlloader-1.20.1-47.3.7.jar%2367!/:?]
	at net.minecraftforge.fml.loading.targets.CommonServerLaunchHandler.lambda$makeService$0(CommonServerLaunchHandler.java:27) ~[fmlloader-1.20.1-47.3.7.jar%2367!/:?]
	at cpw.mods.modlauncher.LaunchServiceHandlerDecorator.launch(LaunchServiceHandlerDecorator.java:30) ~[modlauncher-10.0.9.jar%2353!/:?]
	at cpw.mods.modlauncher.LaunchServiceHandler.launch(LaunchServiceHandler.java:53) ~[modlauncher-10.0.9.jar%2353!/:?]
	at cpw.mods.modlauncher.LaunchServiceHandler.launch(LaunchServiceHandler.java:71) ~[modlauncher-10.0.9.jar%2353!/:?]
	at cpw.mods.modlauncher.Launcher.run(Launcher.java:108) ~[modlauncher-10.0.9.jar%2353!/:?]
	at cpw.mods.modlauncher.Launcher.main(Launcher.java:78) ~[modlauncher-10.0.9.jar%2353!/:?]
	at cpw.mods.modlauncher.BootstrapLaunchConsumer.accept(BootstrapLaunchConsumer.java:26) ~[modlauncher-10.0.9.jar%2353!/:?]
	at cpw.mods.modlauncher.BootstrapLaunchConsumer.accept(BootstrapLaunchConsumer.java:23) ~[modlauncher-10.0.9.jar%2353!/:?]
	at cpw.mods.bootstraplauncher.BootstrapLauncher.main(BootstrapLauncher.java:141) ~[bootstraplauncher-1.1.2.jar:?]
[07Oct2025 00:06:10.957] [main/INFO] [Spartan Weaponry/]: Empty result tag:"forge:nuggets/constantan" Skipping...
[07Oct2025 00:06:10.957] [main/INFO] [net.minecraft.world.item.crafting.RecipeManager/]: Skipping loading recipe spartanweaponry:constantan_nugget_from_smelting_constantan_weapons as it's serializer returned null
[07Oct2025 00:06:10.988] [main/INFO] [Spartan Weaponry/]: Empty result tag:"forge:nuggets/nickel" Skipping...
[07Oct2025 00:06:10.988] [main/INFO] [net.minecraft.world.item.crafting.RecipeManager/]: Skipping loading recipe spartanweaponry:nickel_nugget_from_smelting_nickel_weapons as it's serializer returned null
[07Oct2025 00:06:10.988] [main/INFO] [Spartan Weaponry/]: Empty result tag:"forge:nuggets/electrum" Skipping...
[07Oct2025 00:06:10.988] [main/INFO] [net.minecraft.world.item.crafting.RecipeManager/]: Skipping loading recipe spartanweaponry:electrum_nugget_from_smelting_electrum_weapons as it's serializer returned null
[07Oct2025 00:06:11.002] [main/INFO] [Spartan Weaponry/]: Empty result tag:"forge:nuggets/lead" Skipping...
[07Oct2025 00:06:11.002] [main/INFO] [net.minecraft.world.item.crafting.RecipeManager/]: Skipping loading recipe spartanweaponry:lead_nugget_from_smelting_lead_weapons as it's serializer returned null
[07Oct2025 00:06:11.012] [main/INFO] [Spartan Weaponry/]: Empty result tag:"forge:nuggets/steel" Skipping...
[07Oct2025 00:06:11.012] [main/INFO] [net.minecraft.world.item.crafting.RecipeManager/]: Skipping loading recipe spartanweaponry:steel_nugget_from_smelting_steel_weapons as it's serializer returned null
[07Oct2025 00:06:11.029] [main/INFO] [Spartan Weaponry/]: Empty result tag:"forge:nuggets/platinum" Skipping...
[07Oct2025 00:06:11.029] [main/INFO] [net.minecraft.world.item.crafting.RecipeManager/]: Skipping loading recipe spartanweaponry:platinum_nugget_from_blasting_platinum_weapons as it's serializer returned null
[07Oct2025 00:06:11.030] [main/INFO] [Spartan Weaponry/]: Empty result tag:"forge:nuggets/constantan" Skipping...
[07Oct2025 00:06:11.030] [main/INFO] [net.minecraft.world.item.crafting.RecipeManager/]: Skipping loading recipe spartanweaponry:constantan_nugget_from_blasting_constantan_weapons as it's serializer returned null
[07Oct2025 00:06:11.046] [main/INFO] [Spartan Weaponry/]: Empty result tag:"forge:nuggets/lead" Skipping...
[07Oct2025 00:06:11.046] [main/INFO] [net.minecraft.world.item.crafting.RecipeManager/]: Skipping loading recipe spartanweaponry:lead_nugget_from_blasting_lead_weapons as it's serializer returned null
[07Oct2025 00:06:11.053] [main/INFO] [Spartan Weaponry/]: Empty result tag:"forge:nuggets/bronze" Skipping...
[07Oct2025 00:06:11.053] [main/INFO] [net.minecraft.world.item.crafting.RecipeManager/]: Skipping loading recipe spartanweaponry:bronze_nugget_from_smelting_bronze_weapons as it's serializer returned null
[07Oct2025 00:06:11.056] [main/INFO] [Spartan Weaponry/]: Empty result tag:"forge:nuggets/tin" Skipping...
[07Oct2025 00:06:11.056] [main/INFO] [net.minecraft.world.item.crafting.RecipeManager/]: Skipping loading recipe spartanweaponry:tin_nugget_from_smelting_tin_weapons as it's serializer returned null
[07Oct2025 00:06:11.073] [main/ERROR] [net.minecraft.world.item.crafting.RecipeManager/]: Parsing error loading recipe dedsafio3:llave_crafteo
com.google.gson.JsonSyntaxException: Empty ingredient not allowed here
	at net.minecraft.world.item.crafting.ShapedRecipe.m_151278_(ShapedRecipe.java:295) ~[server-1.20.1-20230612.114412-srg.jar%23269!/:?]
	at net.minecraft.world.item.crafting.Ingredient.m_43919_(Ingredient.java:219) ~[server-1.20.1-20230612.114412-srg.jar%23269!/:?]
	at net.minecraftforge.common.crafting.VanillaIngredientSerializer.parse(VanillaIngredientSerializer.java:27) ~[forge-1.20.1-47.3.7-universal.jar%23274!/:?]
	at net.minecraftforge.common.crafting.CraftingHelper.getIngredient(CraftingHelper.java:148) ~[forge-1.20.1-47.3.7-universal.jar%23274!/:?]
	at net.minecraft.world.item.crafting.Ingredient.m_288218_(Ingredient.java:194) ~[server-1.20.1-20230612.114412-srg.jar%23269!/:?]
	at net.minecraft.world.item.crafting.ShapedRecipe.m_44210_(ShapedRecipe.java:278) ~[server-1.20.1-20230612.114412-srg.jar%23269!/:?]
	at net.minecraft.world.item.crafting.ShapedRecipe$Serializer.m_6729_(ShapedRecipe.java:306) ~[server-1.20.1-20230612.114412-srg.jar%23269!/:?]
	at net.minecraft.world.item.crafting.ShapedRecipe$Serializer.m_6729_(ShapedRecipe.java:301) ~[server-1.20.1-20230612.114412-srg.jar%23269!/:?]
	at net.minecraftforge.common.extensions.IForgeRecipeSerializer.fromJson(IForgeRecipeSerializer.java:23) ~[forge-1.20.1-47.3.7-universal.jar%23274!/:?]
	at net.minecraft.world.item.crafting.RecipeManager.fromJson(RecipeManager.java:171) ~[server-1.20.1-20230612.114412-srg.jar%23269!/:?]
	at net.minecraft.world.item.crafting.RecipeManager.m_5787_(RecipeManager.java:67) ~[server-1.20.1-20230612.114412-srg.jar%23269!/:?]
	at net.minecraft.world.item.crafting.RecipeManager.m_5787_(RecipeManager.java:34) ~[server-1.20.1-20230612.114412-srg.jar%23269!/:?]
	at net.minecraft.server.packs.resources.SimplePreparableReloadListener.m_10789_(SimplePreparableReloadListener.java:13) ~[server-1.20.1-20230612.114412-srg.jar%23269!/:?]
	at java.util.concurrent.CompletableFuture$UniAccept.tryFire(CompletableFuture.java:718) ~[?:?]
	at java.util.concurrent.CompletableFuture$Completion.run(CompletableFuture.java:482) ~[?:?]
	at net.minecraft.server.packs.resources.SimpleReloadInstance.m_143940_(SimpleReloadInstance.java:69) ~[server-1.20.1-20230612.114412-srg.jar%23269!/:?]
	at net.minecraft.Util.m_214652_(Util.java:783) ~[server-1.20.1-20230612.114412-srg.jar%23269!/:?]
	at net.minecraft.Util.m_214679_(Util.java:772) ~[server-1.20.1-20230612.114412-srg.jar%23269!/:?]
	at net.minecraft.server.Main.main(Main.java:166) ~[server-1.20.1-20230612.114412-srg.jar%23269!/:?]
	at jdk.internal.reflect.NativeMethodAccessorImpl.invoke0(Native Method) ~[?:?]
	at jdk.internal.reflect.NativeMethodAccessorImpl.invoke(NativeMethodAccessorImpl.java:77) ~[?:?]
	at jdk.internal.reflect.DelegatingMethodAccessorImpl.invoke(DelegatingMethodAccessorImpl.java:43) ~[?:?]
	at java.lang.reflect.Method.invoke(Method.java:569) ~[?:?]
	at net.minecraftforge.fml.loading.targets.CommonLaunchHandler.runTarget(CommonLaunchHandler.java:111) ~[fmlloader-1.20.1-47.3.7.jar%2367!/:?]
	at net.minecraftforge.fml.loading.targets.CommonLaunchHandler.serverService(CommonLaunchHandler.java:103) ~[fmlloader-1.20.1-47.3.7.jar%2367!/:?]
	at net.minecraftforge.fml.loading.targets.CommonServerLaunchHandler.lambda$makeService$0(CommonServerLaunchHandler.java:27) ~[fmlloader-1.20.1-47.3.7.jar%2367!/:?]
	at cpw.mods.modlauncher.LaunchServiceHandlerDecorator.launch(LaunchServiceHandlerDecorator.java:30) ~[modlauncher-10.0.9.jar%2353!/:?]
	at cpw.mods.modlauncher.LaunchServiceHandler.launch(LaunchServiceHandler.java:53) ~[modlauncher-10.0.9.jar%2353!/:?]
	at cpw.mods.modlauncher.LaunchServiceHandler.launch(LaunchServiceHandler.java:71) ~[modlauncher-10.0.9.jar%2353!/:?]
	at cpw.mods.modlauncher.Launcher.run(Launcher.java:108) ~[modlauncher-10.0.9.jar%2353!/:?]
	at cpw.mods.modlauncher.Launcher.main(Launcher.java:78) ~[modlauncher-10.0.9.jar%2353!/:?]
	at cpw.mods.modlauncher.BootstrapLaunchConsumer.accept(BootstrapLaunchConsumer.java:26) ~[modlauncher-10.0.9.jar%2353!/:?]
	at cpw.mods.modlauncher.BootstrapLaunchConsumer.accept(BootstrapLaunchConsumer.java:23) ~[modlauncher-10.0.9.jar%2353!/:?]
	at cpw.mods.bootstraplauncher.BootstrapLauncher.main(BootstrapLauncher.java:141) ~[bootstraplauncher-1.1.2.jar:?]
[07Oct2025 00:06:11.087] [main/INFO] [Spartan Weaponry/]: Empty result tag:"forge:nuggets/nickel" Skipping...
[07Oct2025 00:06:11.087] [main/INFO] [net.minecraft.world.item.crafting.RecipeManager/]: Skipping loading recipe spartanweaponry:nickel_nugget_from_blasting_nickel_weapons as it's serializer returned null
[07Oct2025 00:06:11.090] [main/INFO] [Spartan Weaponry/]: Empty result tag:"forge:nuggets/invar" Skipping...
[07Oct2025 00:06:11.090] [main/INFO] [net.minecraft.world.item.crafting.RecipeManager/]: Skipping loading recipe spartanweaponry:invar_nugget_from_blasting_invar_weapons as it's serializer returned null
[07Oct2025 00:06:11.098] [main/INFO] [Spartan Weaponry/]: Empty result tag:"forge:nuggets/tin" Skipping...
[07Oct2025 00:06:11.098] [main/INFO] [net.minecraft.world.item.crafting.RecipeManager/]: Skipping loading recipe spartanweaponry:tin_nugget_from_blasting_tin_weapons as it's serializer returned null
[07Oct2025 00:06:11.105] [main/ERROR] [net.minecraft.world.item.crafting.RecipeManager/]: Parsing error loading recipe dynamictrees:guide
com.google.gson.JsonSyntaxException: Missing conditions, expected to find a JsonArray
	at net.minecraft.util.GsonHelper.m_13933_(GsonHelper.java:447) ~[server-1.20.1-20230612.114412-srg.jar%23269!/:?]
	at net.minecraftforge.common.crafting.ConditionalRecipe$Serializer.fromJson(ConditionalRecipe.java:56) ~[forge-1.20.1-47.3.7-universal.jar%23274!/:?]
	at net.minecraft.world.item.crafting.RecipeManager.fromJson(RecipeManager.java:171) ~[server-1.20.1-20230612.114412-srg.jar%23269!/:?]
	at net.minecraft.world.item.crafting.RecipeManager.m_5787_(RecipeManager.java:67) ~[server-1.20.1-20230612.114412-srg.jar%23269!/:?]
	at net.minecraft.world.item.crafting.RecipeManager.m_5787_(RecipeManager.java:34) ~[server-1.20.1-20230612.114412-srg.jar%23269!/:?]
	at net.minecraft.server.packs.resources.SimplePreparableReloadListener.m_10789_(SimplePreparableReloadListener.java:13) ~[server-1.20.1-20230612.114412-srg.jar%23269!/:?]
	at java.util.concurrent.CompletableFuture$UniAccept.tryFire(CompletableFuture.java:718) ~[?:?]
	at java.util.concurrent.CompletableFuture$Completion.run(CompletableFuture.java:482) ~[?:?]
	at net.minecraft.server.packs.resources.SimpleReloadInstance.m_143940_(SimpleReloadInstance.java:69) ~[server-1.20.1-20230612.114412-srg.jar%23269!/:?]
	at net.minecraft.Util.m_214652_(Util.java:783) ~[server-1.20.1-20230612.114412-srg.jar%23269!/:?]
	at net.minecraft.Util.m_214679_(Util.java:772) ~[server-1.20.1-20230612.114412-srg.jar%23269!/:?]
	at net.minecraft.server.Main.main(Main.java:166) ~[server-1.20.1-20230612.114412-srg.jar%23269!/:?]
	at jdk.internal.reflect.NativeMethodAccessorImpl.invoke0(Native Method) ~[?:?]
	at jdk.internal.reflect.NativeMethodAccessorImpl.invoke(NativeMethodAccessorImpl.java:77) ~[?:?]
	at jdk.internal.reflect.DelegatingMethodAccessorImpl.invoke(DelegatingMethodAccessorImpl.java:43) ~[?:?]
	at java.lang.reflect.Method.invoke(Method.java:569) ~[?:?]
	at net.minecraftforge.fml.loading.targets.CommonLaunchHandler.runTarget(CommonLaunchHandler.java:111) ~[fmlloader-1.20.1-47.3.7.jar%2367!/:?]
	at net.minecraftforge.fml.loading.targets.CommonLaunchHandler.serverService(CommonLaunchHandler.java:103) ~[fmlloader-1.20.1-47.3.7.jar%2367!/:?]
	at net.minecraftforge.fml.loading.targets.CommonServerLaunchHandler.lambda$makeService$0(CommonServerLaunchHandler.java:27) ~[fmlloader-1.20.1-47.3.7.jar%2367!/:?]
	at cpw.mods.modlauncher.LaunchServiceHandlerDecorator.launch(LaunchServiceHandlerDecorator.java:30) ~[modlauncher-10.0.9.jar%2353!/:?]
	at cpw.mods.modlauncher.LaunchServiceHandler.launch(LaunchServiceHandler.java:53) ~[modlauncher-10.0.9.jar%2353!/:?]
	at cpw.mods.modlauncher.LaunchServiceHandler.launch(LaunchServiceHandler.java:71) ~[modlauncher-10.0.9.jar%2353!/:?]
	at cpw.mods.modlauncher.Launcher.run(Launcher.java:108) ~[modlauncher-10.0.9.jar%2353!/:?]
	at cpw.mods.modlauncher.Launcher.main(Launcher.java:78) ~[modlauncher-10.0.9.jar%2353!/:?]
	at cpw.mods.modlauncher.BootstrapLaunchConsumer.accept(BootstrapLaunchConsumer.java:26) ~[modlauncher-10.0.9.jar%2353!/:?]
	at cpw.mods.modlauncher.BootstrapLaunchConsumer.accept(BootstrapLaunchConsumer.java:23) ~[modlauncher-10.0.9.jar%2353!/:?]
	at cpw.mods.bootstraplauncher.BootstrapLauncher.main(BootstrapLauncher.java:141) ~[bootstraplauncher-1.1.2.jar:?]
[07Oct2025 00:06:11.109] [main/INFO] [Spartan Weaponry/]: Empty result tag:"forge:nuggets/aluminum" Skipping...
[07Oct2025 00:06:11.109] [main/INFO] [net.minecraft.world.item.crafting.RecipeManager/]: Skipping loading recipe spartanweaponry:aluminum_nugget_from_smelting_aluminum_weapons as it's serializer returned null
[07Oct2025 00:06:11.115] [main/INFO] [net.minecraft.world.item.crafting.RecipeManager/]: Loaded 12 recipes
[07Oct2025 00:06:11.116] [main/ERROR] [net.minecraft.server.ServerFunctionLibrary/]: Failed to load function spawnanimations:internal/entity/ehs/pehkui/enderman/unhide
java.util.concurrent.CompletionException: java.lang.IllegalArgumentException: Whilst parsing command on line 4: Unknown or incomplete command, see below for error at position 0: <--[HERE]
	at java.util.concurrent.CompletableFuture.encodeThrowable(CompletableFuture.java:315) ~[?:?]
	at java.util.concurrent.CompletableFuture.completeThrowable(CompletableFuture.java:320) ~[?:?]
	at java.util.concurrent.CompletableFuture$AsyncSupply.run(CompletableFuture.java:1770) ~[?:?]
	at java.util.concurrent.CompletableFuture$AsyncSupply.exec(CompletableFuture.java:1760) ~[?:?]
	at java.util.concurrent.ForkJoinTask.doExec(ForkJoinTask.java:373) ~[?:?]
	at java.util.concurrent.ForkJoinPool$WorkQueue.topLevelExec(ForkJoinPool.java:1182) ~[?:?]
	at java.util.concurrent.ForkJoinPool.scan(ForkJoinPool.java:1655) ~[?:?]
	at java.util.concurrent.ForkJoinPool.runWorker(ForkJoinPool.java:1622) ~[?:?]
	at java.util.concurrent.ForkJoinWorkerThread.run(ForkJoinWorkerThread.java:165) ~[?:?]
Caused by: java.lang.IllegalArgumentException: Whilst parsing command on line 4: Unknown or incomplete command, see below for error at position 0: <--[HERE]
	at net.minecraft.commands.CommandFunction.m_77984_(CommandFunction.java:63) ~[server-1.20.1-20230612.114412-srg.jar%23269!/:?]
	at net.minecraft.server.ServerFunctionLibrary.m_214320_(ServerFunctionLibrary.java:83) ~[server-1.20.1-20230612.114412-srg.jar%23269!/:?]
	at java.util.concurrent.CompletableFuture$AsyncSupply.run(CompletableFuture.java:1768) ~[?:?]
	... 6 more
[07Oct2025 00:06:11.116] [main/ERROR] [net.minecraft.server.ServerFunctionLibrary/]: Failed to load function spawnanimations:internal/entity/ehs/pehkui/unhide
java.util.concurrent.CompletionException: java.lang.IllegalArgumentException: Whilst parsing command on line 4: Unknown or incomplete command, see below for error at position 0: <--[HERE]
	at java.util.concurrent.CompletableFuture.encodeThrowable(CompletableFuture.java:315) ~[?:?]
	at java.util.concurrent.CompletableFuture.completeThrowable(CompletableFuture.java:320) ~[?:?]
	at java.util.concurrent.CompletableFuture$AsyncSupply.run(CompletableFuture.java:1770) ~[?:?]
	at java.util.concurrent.CompletableFuture$AsyncSupply.exec(CompletableFuture.java:1760) ~[?:?]
	at java.util.concurrent.ForkJoinTask.doExec(ForkJoinTask.java:373) ~[?:?]
	at java.util.concurrent.ForkJoinPool$WorkQueue.topLevelExec(ForkJoinPool.java:1182) ~[?:?]
	at java.util.concurrent.ForkJoinPool.scan(ForkJoinPool.java:1655) ~[?:?]
	at java.util.concurrent.ForkJoinPool.runWorker(ForkJoinPool.java:1622) ~[?:?]
	at java.util.concurrent.ForkJoinWorkerThread.run(ForkJoinWorkerThread.java:165) ~[?:?]
Caused by: java.lang.IllegalArgumentException: Whilst parsing command on line 4: Unknown or incomplete command, see below for error at position 0: <--[HERE]
	at net.minecraft.commands.CommandFunction.m_77984_(CommandFunction.java:63) ~[server-1.20.1-20230612.114412-srg.jar%23269!/:?]
	at net.minecraft.server.ServerFunctionLibrary.m_214320_(ServerFunctionLibrary.java:83) ~[server-1.20.1-20230612.114412-srg.jar%23269!/:?]
	at java.util.concurrent.CompletableFuture$AsyncSupply.run(CompletableFuture.java:1768) ~[?:?]
	... 6 more
[07Oct2025 00:06:11.117] [main/ERROR] [net.minecraft.server.ServerFunctionLibrary/]: Failed to load function spawnanimations:internal/entity/ehs/pehkui/set_easing
java.util.concurrent.CompletionException: java.lang.IllegalArgumentException: Whilst parsing command on line 4: Unknown or incomplete command, see below for error at position 0: <--[HERE]
	at java.util.concurrent.CompletableFuture.encodeThrowable(CompletableFuture.java:315) ~[?:?]
	at java.util.concurrent.CompletableFuture.completeThrowable(CompletableFuture.java:320) ~[?:?]
	at java.util.concurrent.CompletableFuture$AsyncSupply.run(CompletableFuture.java:1770) ~[?:?]
	at java.util.concurrent.CompletableFuture$AsyncSupply.exec(CompletableFuture.java:1760) ~[?:?]
	at java.util.concurrent.ForkJoinTask.doExec(ForkJoinTask.java:373) ~[?:?]
	at java.util.concurrent.ForkJoinPool$WorkQueue.topLevelExec(ForkJoinPool.java:1182) ~[?:?]
	at java.util.concurrent.ForkJoinPool.scan(ForkJoinPool.java:1655) ~[?:?]
	at java.util.concurrent.ForkJoinPool.runWorker(ForkJoinPool.java:1622) ~[?:?]
	at java.util.concurrent.ForkJoinWorkerThread.run(ForkJoinWorkerThread.java:165) ~[?:?]
Caused by: java.lang.IllegalArgumentException: Whilst parsing command on line 4: Unknown or incomplete command, see below for error at position 0: <--[HERE]
	at net.minecraft.commands.CommandFunction.m_77984_(CommandFunction.java:63) ~[server-1.20.1-20230612.114412-srg.jar%23269!/:?]
	at net.minecraft.server.ServerFunctionLibrary.m_214320_(ServerFunctionLibrary.java:83) ~[server-1.20.1-20230612.114412-srg.jar%23269!/:?]
	at java.util.concurrent.CompletableFuture$AsyncSupply.run(CompletableFuture.java:1768) ~[?:?]
	... 6 more
[07Oct2025 00:06:11.118] [main/ERROR] [net.minecraft.server.ServerFunctionLibrary/]: Failed to load function minecraft:manualgiver
java.util.concurrent.CompletionException: java.lang.IllegalArgumentException: Unknown or invalid command '/give @p grotesque_steve:manualbook' on line 1 (did you mean 'give'? Do not use a preceding forwards slash.)
	at java.util.concurrent.CompletableFuture.encodeThrowable(CompletableFuture.java:315) ~[?:?]
	at java.util.concurrent.CompletableFuture.completeThrowable(CompletableFuture.java:320) ~[?:?]
	at java.util.concurrent.CompletableFuture$AsyncSupply.run(CompletableFuture.java:1770) ~[?:?]
	at java.util.concurrent.CompletableFuture$AsyncSupply.exec(CompletableFuture.java:1760) ~[?:?]
	at java.util.concurrent.ForkJoinTask.doExec(ForkJoinTask.java:373) ~[?:?]
	at java.util.concurrent.ForkJoinPool$WorkQueue.topLevelExec(ForkJoinPool.java:1182) ~[?:?]
	at java.util.concurrent.ForkJoinPool.scan(ForkJoinPool.java:1655) ~[?:?]
	at java.util.concurrent.ForkJoinPool.runWorker(ForkJoinPool.java:1622) ~[?:?]
	at java.util.concurrent.ForkJoinWorkerThread.run(ForkJoinWorkerThread.java:165) ~[?:?]
Caused by: java.lang.IllegalArgumentException: Unknown or invalid command '/give @p grotesque_steve:manualbook' on line 1 (did you mean 'give'? Do not use a preceding forwards slash.)
	at net.minecraft.commands.CommandFunction.m_77984_(CommandFunction.java:51) ~[server-1.20.1-20230612.114412-srg.jar%23269!/:?]
	at net.minecraft.server.ServerFunctionLibrary.m_214320_(ServerFunctionLibrary.java:83) ~[server-1.20.1-20230612.114412-srg.jar%23269!/:?]
	at java.util.concurrent.CompletableFuture$AsyncSupply.run(CompletableFuture.java:1768) ~[?:?]
	... 6 more
[07Oct2025 00:06:11.118] [main/ERROR] [net.minecraft.server.ServerFunctionLibrary/]: Failed to load function spawnanimations:internal/entity/ehs/pehkui/hide
java.util.concurrent.CompletionException: java.lang.IllegalArgumentException: Whilst parsing command on line 4: Unknown or incomplete command, see below for error at position 0: <--[HERE]
	at java.util.concurrent.CompletableFuture.encodeThrowable(CompletableFuture.java:315) ~[?:?]
	at java.util.concurrent.CompletableFuture.completeThrowable(CompletableFuture.java:320) ~[?:?]
	at java.util.concurrent.CompletableFuture$AsyncSupply.run(CompletableFuture.java:1770) ~[?:?]
	at java.util.concurrent.CompletableFuture$AsyncSupply.exec(CompletableFuture.java:1760) ~[?:?]
	at java.util.concurrent.ForkJoinTask.doExec(ForkJoinTask.java:373) ~[?:?]
	at java.util.concurrent.ForkJoinPool$WorkQueue.topLevelExec(ForkJoinPool.java:1182) ~[?:?]
	at java.util.concurrent.ForkJoinPool.scan(ForkJoinPool.java:1655) ~[?:?]
	at java.util.concurrent.ForkJoinPool.runWorker(ForkJoinPool.java:1622) ~[?:?]
	at java.util.concurrent.ForkJoinWorkerThread.run(ForkJoinWorkerThread.java:165) ~[?:?]
Caused by: java.lang.IllegalArgumentException: Whilst parsing command on line 4: Unknown or incomplete command, see below for error at position 0: <--[HERE]
	at net.minecraft.commands.CommandFunction.m_77984_(CommandFunction.java:63) ~[server-1.20.1-20230612.114412-srg.jar%23269!/:?]
	at net.minecraft.server.ServerFunctionLibrary.m_214320_(ServerFunctionLibrary.java:83) ~[server-1.20.1-20230612.114412-srg.jar%23269!/:?]
	at java.util.concurrent.CompletableFuture$AsyncSupply.run(CompletableFuture.java:1768) ~[?:?]
	... 6 more
[07Oct2025 00:06:11.119] [main/ERROR] [net.minecraft.server.ServerFunctionLibrary/]: Failed to load function spawnanimations:internal/entity/ehs/pehkui/check_installed
java.util.concurrent.CompletionException: java.lang.IllegalArgumentException: Whilst parsing command on line 4: Unknown or incomplete command, see below for error at position 0: <--[HERE]
	at java.util.concurrent.CompletableFuture.encodeThrowable(CompletableFuture.java:315) ~[?:?]
	at java.util.concurrent.CompletableFuture.completeThrowable(CompletableFuture.java:320) ~[?:?]
	at java.util.concurrent.CompletableFuture$AsyncSupply.run(CompletableFuture.java:1770) ~[?:?]
	at java.util.concurrent.CompletableFuture$AsyncSupply.exec(CompletableFuture.java:1760) ~[?:?]
	at java.util.concurrent.ForkJoinTask.doExec(ForkJoinTask.java:373) ~[?:?]
	at java.util.concurrent.ForkJoinPool$WorkQueue.topLevelExec(ForkJoinPool.java:1182) ~[?:?]
	at java.util.concurrent.ForkJoinPool.scan(ForkJoinPool.java:1655) ~[?:?]
	at java.util.concurrent.ForkJoinPool.runWorker(ForkJoinPool.java:1622) ~[?:?]
	at java.util.concurrent.ForkJoinWorkerThread.run(ForkJoinWorkerThread.java:165) ~[?:?]
Caused by: java.lang.IllegalArgumentException: Whilst parsing command on line 4: Unknown or incomplete command, see below for error at position 0: <--[HERE]
	at net.minecraft.commands.CommandFunction.m_77984_(CommandFunction.java:63) ~[server-1.20.1-20230612.114412-srg.jar%23269!/:?]
	at net.minecraft.server.ServerFunctionLibrary.m_214320_(ServerFunctionLibrary.java:83) ~[server-1.20.1-20230612.114412-srg.jar%23269!/:?]
	at java.util.concurrent.CompletableFuture$AsyncSupply.run(CompletableFuture.java:1768) ~[?:?]
	... 6 more
[07Oct2025 00:06:11.119] [main/ERROR] [net.minecraft.server.ServerFunctionLibrary/]: Failed to load function spawnanimations:internal/entity/ehs/pehkui/enderman/hide
java.util.concurrent.CompletionException: java.lang.IllegalArgumentException: Whilst parsing command on line 4: Unknown or incomplete command, see below for error at position 0: <--[HERE]
	at java.util.concurrent.CompletableFuture.encodeThrowable(CompletableFuture.java:315) ~[?:?]
	at java.util.concurrent.CompletableFuture.completeThrowable(CompletableFuture.java:320) ~[?:?]
	at java.util.concurrent.CompletableFuture$AsyncSupply.run(CompletableFuture.java:1770) ~[?:?]
	at java.util.concurrent.CompletableFuture$AsyncSupply.exec(CompletableFuture.java:1760) ~[?:?]
	at java.util.concurrent.ForkJoinTask.doExec(ForkJoinTask.java:373) ~[?:?]
	at java.util.concurrent.ForkJoinPool$WorkQueue.topLevelExec(ForkJoinPool.java:1182) ~[?:?]
	at java.util.concurrent.ForkJoinPool.scan(ForkJoinPool.java:1655) ~[?:?]
	at java.util.concurrent.ForkJoinPool.runWorker(ForkJoinPool.java:1622) ~[?:?]
	at java.util.concurrent.ForkJoinWorkerThread.run(ForkJoinWorkerThread.java:165) ~[?:?]
Caused by: java.lang.IllegalArgumentException: Whilst parsing command on line 4: Unknown or incomplete command, see below for error at position 0: <--[HERE]
	at net.minecraft.commands.CommandFunction.m_77984_(CommandFunction.java:63) ~[server-1.20.1-20230612.114412-srg.jar%23269!/:?]
	at net.minecraft.server.ServerFunctionLibrary.m_214320_(ServerFunctionLibrary.java:83) ~[server-1.20.1-20230612.114412-srg.jar%23269!/:?]
	at java.util.concurrent.CompletableFuture$AsyncSupply.run(CompletableFuture.java:1768) ~[?:?]
	... 6 more
[07Oct2025 00:06:11.151] [main/ERROR] [net.minecraft.server.ServerAdvancementManager/]: Parsing error loading custom advancement spartanshields:recipes/dark_steel_riot_basic_shield: Unknown item id 'enderio:octadic_capacitor'
[07Oct2025 00:06:11.208] [main/ERROR] [net.minecraft.server.ServerAdvancementManager/]: Parsing error loading custom advancement spartanshields:recipes/basic_mekanists_tower_shield: Unknown item id 'mekanism:energy_tablet'
[07Oct2025 00:06:11.233] [main/ERROR] [net.minecraft.server.ServerAdvancementManager/]: Parsing error loading custom advancement spartanshields:recipes/dark_steel_riot_tower_shield: Unknown item id 'enderio:octadic_capacitor'
[07Oct2025 00:06:11.240] [main/ERROR] [net.minecraft.server.ServerAdvancementManager/]: Parsing error loading custom advancement spartanshields:recipes/basic_mekanists_basic_shield: Unknown item id 'mekanism:energy_tablet'
[07Oct2025 00:06:11.246] [main/ERROR] [net.minecraft.server.ServerAdvancementManager/]: Parsing error loading custom advancement legendary_monsters:defeat_ambusher: Expected item to be an item, was unknown string 'legendary_monsters:ancient_dripstone_shard'
[07Oct2025 00:06:11.282] [main/INFO] [net.minecraft.advancements.AdvancementList/]: Loaded 4245 advancements
[07Oct2025 00:06:11.287] [main/INFO] [atomicstryker.dynamiclights.server.ItemLightLevels/]: Clearing item tag to light level mapping cache
[07Oct2025 00:06:11.296] [main/INFO] [top.theillusivec4.curios.Curios/]: Loaded 11 curio slots
[07Oct2025 00:06:11.303] [main/ERROR] [top.theillusivec4.curios.Curios/]: talisman is not a registered slot type!
[07Oct2025 00:06:11.304] [main/INFO] [top.theillusivec4.curios.Curios/]: Loaded 1 curio entities
[07Oct2025 00:06:12.614] [main/INFO] [Spartan Weaponry/]: Finished initialising Weapon Traits & Attributes! Took 6.991424ms
[07Oct2025 00:06:12.620] [main/INFO] [firstaid/registry]: Built local FirstAid registry lookups
[07Oct2025 00:06:13.060] [Server thread/INFO] [net.minecraft.server.dedicated.DedicatedServer/]: Starting minecraft server version 1.20.1
[07Oct2025 00:06:13.060] [Server thread/INFO] [net.minecraft.server.dedicated.DedicatedServer/]: Loading properties
[07Oct2025 00:06:13.061] [Server thread/INFO] [net.minecraft.server.dedicated.DedicatedServer/]: Default game type: SURVIVAL
[07Oct2025 00:06:13.061] [Server thread/INFO] [net.minecraft.server.MinecraftServer/]: Generating keypair
[07Oct2025 00:06:13.173] [Server thread/INFO] [net.minecraft.server.dedicated.DedicatedServer/]: Starting Minecraft server on *:25565
[07Oct2025 00:06:13.205] [Server thread/INFO] [net.minecraft.server.network.ServerConnectionListener/]: Using epoll channel type
[07Oct2025 00:06:13.299] [Server thread/WARN] [net.minecraft.server.dedicated.DedicatedServer/]: **** SERVER IS RUNNING IN OFFLINE/INSECURE MODE!
[07Oct2025 00:06:13.299] [Server thread/WARN] [net.minecraft.server.dedicated.DedicatedServer/]: The server will make no attempt to authenticate usernames. Beware.
[07Oct2025 00:06:13.299] [Server thread/WARN] [net.minecraft.server.dedicated.DedicatedServer/]: While this makes the game possible to play without internet access, it also opens up the ability for hackers to connect with any username they choose.
[07Oct2025 00:06:13.299] [Server thread/WARN] [net.minecraft.server.dedicated.DedicatedServer/]: To change this, set "online-mode" to "true" in the server.properties file.
[07Oct2025 00:06:13.315] [Server thread/INFO] [Puzzles Lib/]: Loading server config for illagerinvasion
[07Oct2025 00:06:13.316] [Thread-0/INFO] [Puzzles Lib/]: Reloading server config for illagerinvasion
[07Oct2025 00:06:13.317] [Thread-0/INFO] [Puzzles Lib/]: Reloading server config for illagerinvasion
[07Oct2025 00:06:13.322] [Server thread/INFO] [Puzzles Lib/]: Loading server config for hangglider
[07Oct2025 00:06:13.329] [Server thread/INFO] [Puzzles Lib/]: Loading server config for enchantinginfuser
[07Oct2025 00:06:13.330] [Thread-0/INFO] [Puzzles Lib/]: Reloading server config for enchantinginfuser
[07Oct2025 00:06:13.332] [Thread-0/INFO] [Puzzles Lib/]: Reloading server config for enchantinginfuser
[07Oct2025 00:06:13.338] [Server thread/INFO] [Puzzles Lib/]: Loading server config for mutantmonsters
[07Oct2025 00:06:13.469] [Server thread/INFO] [FTB Teams/]: loaded team data: 11 known players, 12 teams total
[07Oct2025 00:06:13.476] [Server thread/INFO] [atomicstryker.dynamiclights.server.modules.PlayerSelfLightSource/]: item config parser identified itemstack 1 torch
[07Oct2025 00:06:13.476] [Server thread/INFO] [atomicstryker.dynamiclights.server.modules.PlayerSelfLightSource/]: item config parser identified itemstack 1 glowstone
[07Oct2025 00:06:13.477] [Server thread/INFO] [atomicstryker.dynamiclights.server.modules.PlayerSelfLightSource/]: item config parser finished, item count: 2
[07Oct2025 00:06:13.477] [Server thread/INFO] [atomicstryker.dynamiclights.server.modules.PlayerSelfLightSource/]: item config parser identified itemstack 1 torch
[07Oct2025 00:06:13.477] [Server thread/INFO] [atomicstryker.dynamiclights.server.modules.PlayerSelfLightSource/]: item config parser finished, item count: 1
[07Oct2025 00:06:13.478] [Server thread/INFO] [atomicstryker.dynamiclights.server.modules.DroppedItemsLightSource/]: item config parser identified itemstack 1 torch
[07Oct2025 00:06:13.478] [Server thread/INFO] [atomicstryker.dynamiclights.server.modules.DroppedItemsLightSource/]: item config parser identified itemstack 1 glowstone
[07Oct2025 00:06:13.478] [Server thread/INFO] [atomicstryker.dynamiclights.server.modules.DroppedItemsLightSource/]: item config parser finished, item count: 2
[07Oct2025 00:06:13.478] [Server thread/INFO] [atomicstryker.dynamiclights.server.modules.DroppedItemsLightSource/]: item config parser identified itemstack 1 torch
[07Oct2025 00:06:13.478] [Server thread/INFO] [atomicstryker.dynamiclights.server.modules.DroppedItemsLightSource/]: item config parser finished, item count: 1
[07Oct2025 00:06:13.497] [Server thread/INFO] [net.minecraft.server.dedicated.DedicatedServer/]: Preparing level "world"
[07Oct2025 00:06:17.272] [Server thread/INFO] [net.minecraft.server.MinecraftServer/]: Preparing start region for dimension minecraft:overworld
[07Oct2025 00:06:24.542] [Worker-Main-2/INFO] [net.minecraft.server.level.progress.LoggerChunkProgressListener/]: Preparing spawn area: 0%
[07Oct2025 00:06:24.544] [Worker-Main-1/INFO] [net.minecraft.server.level.progress.LoggerChunkProgressListener/]: Preparing spawn area: 0%
[07Oct2025 00:06:24.545] [Worker-Main-3/INFO] [net.minecraft.server.level.progress.LoggerChunkProgressListener/]: Preparing spawn area: 0%
[07Oct2025 00:06:24.545] [Worker-Main-3/INFO] [net.minecraft.server.level.progress.LoggerChunkProgressListener/]: Preparing spawn area: 0%
[07Oct2025 00:06:24.546] [Worker-Main-3/INFO] [net.minecraft.server.level.progress.LoggerChunkProgressListener/]: Preparing spawn area: 0%
[07Oct2025 00:06:24.547] [Worker-Main-3/INFO] [net.minecraft.server.level.progress.LoggerChunkProgressListener/]: Preparing spawn area: 0%
[07Oct2025 00:06:24.547] [Worker-Main-3/INFO] [net.minecraft.server.level.progress.LoggerChunkProgressListener/]: Preparing spawn area: 0%
[07Oct2025 00:06:24.548] [Worker-Main-2/INFO] [net.minecraft.server.level.progress.LoggerChunkProgressListener/]: Preparing spawn area: 0%
[07Oct2025 00:06:24.548] [Worker-Main-2/INFO] [net.minecraft.server.level.progress.LoggerChunkProgressListener/]: Preparing spawn area: 0%
[07Oct2025 00:06:24.549] [Worker-Main-2/INFO] [net.minecraft.server.level.progress.LoggerChunkProgressListener/]: Preparing spawn area: 0%
[07Oct2025 00:06:24.551] [Worker-Main-2/INFO] [net.minecraft.server.level.progress.LoggerChunkProgressListener/]: Preparing spawn area: 0%
[07Oct2025 00:06:24.552] [Worker-Main-3/INFO] [net.minecraft.server.level.progress.LoggerChunkProgressListener/]: Preparing spawn area: 0%
[07Oct2025 00:06:24.553] [Worker-Main-2/INFO] [net.minecraft.server.level.progress.LoggerChunkProgressListener/]: Preparing spawn area: 0%
[07Oct2025 00:06:24.556] [Worker-Main-2/INFO] [net.minecraft.server.level.progress.LoggerChunkProgressListener/]: Preparing spawn area: 0%
[07Oct2025 00:06:24.557] [Worker-Main-2/INFO] [net.minecraft.server.level.progress.LoggerChunkProgressListener/]: Preparing spawn area: 0%
[07Oct2025 00:06:24.772] [Worker-Main-1/INFO] [net.minecraft.server.level.progress.LoggerChunkProgressListener/]: Preparing spawn area: 0%
[07Oct2025 00:06:25.156] [Server thread/INFO] [Easy NPC/]: Define custom server-side data for Humanoid['entity.easy_npc.humanoid'/1, l='ServerLevel[world]', x=0.00, y=0.00, z=0.00] ...
[07Oct2025 00:06:25.213] [Server thread/INFO] [Easy NPC/]: Register default handler for Humanoid['entity.easy_npc.humanoid'/1, l='ServerLevel[world]', x=0.00, y=0.00, z=0.00] with variant STEVE ...
[07Oct2025 00:06:25.224] [Server thread/INFO] [Easy NPC/]: Easy NPC Data version 3 for Humanoid[' '/1, l='ServerLevel[world]', x=-18.50, y=66.00, z=38.50].
[07Oct2025 00:06:25.230] [Server thread/INFO] [Easy NPC/]: Loading trading offers [net.minecraft.world.item.trading.MerchantOffer@718b76eb, net.minecraft.world.item.trading.MerchantOffer@72b05b54, net.minecraft.world.item.trading.MerchantOffer@1a2b62f3, net.minecraft.world.item.trading.MerchantOffer@25daaeac, net.minecraft.world.item.trading.MerchantOffer@f4cb8d2, net.minecraft.world.item.trading.MerchantOffer@7fd63894, net.minecraft.world.item.trading.MerchantOffer@3e2bf167, net.minecraft.world.item.trading.MerchantOffer@4e7487c0, net.minecraft.world.item.trading.MerchantOffer@24142cf4, net.minecraft.world.item.trading.MerchantOffer@6ac8b27a, net.minecraft.world.item.trading.MerchantOffer@b89d68d, net.minecraft.world.item.trading.MerchantOffer@61290abb] for Humanoid[' '/1, l='ServerLevel[world]', x=-18.50, y=66.00, z=38.50]
[07Oct2025 00:06:25.272] [Worker-Main-2/INFO] [net.minecraft.server.level.progress.LoggerChunkProgressListener/]: Preparing spawn area: 26%
[07Oct2025 00:06:25.320] [Server thread/INFO] [Easy NPC/]: Define custom server-side data for Humanoid['entity.easy_npc.humanoid'/2, l='ServerLevel[world]', x=0.00, y=0.00, z=0.00] ...
[07Oct2025 00:06:25.323] [Server thread/INFO] [Easy NPC/]: Register default handler for Humanoid['entity.easy_npc.humanoid'/2, l='ServerLevel[world]', x=0.00, y=0.00, z=0.00] with variant STEVE ...
[07Oct2025 00:06:25.324] [Server thread/INFO] [Easy NPC/]: Easy NPC Data version 3 for Humanoid['Ranuras trading'/2, l='ServerLevel[world]', x=-56.50, y=64.00, z=4.50].
[07Oct2025 00:06:25.326] [Server thread/INFO] [Easy NPC/]: Loading trading offers [net.minecraft.world.item.trading.MerchantOffer@39e4b600, net.minecraft.world.item.trading.MerchantOffer@3539d986, net.minecraft.world.item.trading.MerchantOffer@1122277b, net.minecraft.world.item.trading.MerchantOffer@22c25016, net.minecraft.world.item.trading.MerchantOffer@3e8aa6f8, net.minecraft.world.item.trading.MerchantOffer@4504ad46, net.minecraft.world.item.trading.MerchantOffer@459d5362] for Humanoid['Ranuras trading'/2, l='ServerLevel[world]', x=-56.50, y=64.00, z=4.50]
[07Oct2025 00:06:25.327] [Server thread/INFO] [Easy NPC/]: Define custom server-side data for Humanoid['entity.easy_npc.humanoid'/3, l='ServerLevel[world]', x=0.00, y=0.00, z=0.00] ...
[07Oct2025 00:06:25.328] [Server thread/INFO] [Easy NPC/]: Register default handler for Humanoid['entity.easy_npc.humanoid'/3, l='ServerLevel[world]', x=0.00, y=0.00, z=0.00] with variant STEVE ...
[07Oct2025 00:06:25.330] [Server thread/INFO] [Easy NPC/]: Easy NPC Data version 3 for Humanoid['entity.easy_npc.humanoid'/3, l='ServerLevel[world]', x=-54.50, y=64.00, z=4.50].
[07Oct2025 00:06:25.330] [Server thread/INFO] [Easy NPC/]: Loading trading offers [net.minecraft.world.item.trading.MerchantOffer@f447f05, net.minecraft.world.item.trading.MerchantOffer@2d815547, net.minecraft.world.item.trading.MerchantOffer@3e9500a7, net.minecraft.world.item.trading.MerchantOffer@e3cba49, net.minecraft.world.item.trading.MerchantOffer@222c50dc, net.minecraft.world.item.trading.MerchantOffer@52002b3, net.minecraft.world.item.trading.MerchantOffer@13a6ba88] for Humanoid['entity.easy_npc.humanoid'/3, l='ServerLevel[world]', x=-54.50, y=64.00, z=4.50]
[07Oct2025 00:06:25.331] [Server thread/INFO] [Easy NPC/]: Define custom server-side data for Humanoid['entity.easy_npc.humanoid'/4, l='ServerLevel[world]', x=0.00, y=0.00, z=0.00] ...
[07Oct2025 00:06:25.332] [Server thread/INFO] [Easy NPC/]: Register default handler for Humanoid['entity.easy_npc.humanoid'/4, l='ServerLevel[world]', x=0.00, y=0.00, z=0.00] with variant STEVE ...
[07Oct2025 00:06:25.333] [Server thread/INFO] [Easy NPC/]: Easy NPC Data version 3 for Humanoid['Ranuras trading'/4, l='ServerLevel[world]', x=-58.50, y=64.00, z=4.50].
[07Oct2025 00:06:25.334] [Server thread/INFO] [Easy NPC/]: Loading trading offers [net.minecraft.world.item.trading.MerchantOffer@4766d451, net.minecraft.world.item.trading.MerchantOffer@3d039594, net.minecraft.world.item.trading.MerchantOffer@4993cfe, net.minecraft.world.item.trading.MerchantOffer@51899748, net.minecraft.world.item.trading.MerchantOffer@20bc1574, net.minecraft.world.item.trading.MerchantOffer@1328bc2, net.minecraft.world.item.trading.MerchantOffer@4c8139d6, net.minecraft.world.item.trading.MerchantOffer@512fc4d9, net.minecraft.world.item.trading.MerchantOffer@11f86c3d, net.minecraft.world.item.trading.MerchantOffer@401895b, net.minecraft.world.item.trading.MerchantOffer@418b4f84, net.minecraft.world.item.trading.MerchantOffer@6ead5260, net.minecraft.world.item.trading.MerchantOffer@3c66520c, net.minecraft.world.item.trading.MerchantOffer@34255f8a, net.minecraft.world.item.trading.MerchantOffer@2f49d1e5, net.minecraft.world.item.trading.MerchantOffer@2bf3b83e, net.minecraft.world.item.trading.MerchantOffer@258b697e, net.minecraft.world.item.trading.MerchantOffer@3bccbb4a, net.minecraft.world.item.trading.MerchantOffer@5a6b932f, net.minecraft.world.item.trading.MerchantOffer@6c6ff214, net.minecraft.world.item.trading.MerchantOffer@12d1b67e, net.minecraft.world.item.trading.MerchantOffer@4c195985, net.minecraft.world.item.trading.MerchantOffer@4a6d49c2, net.minecraft.world.item.trading.MerchantOffer@5901fdc9, net.minecraft.world.item.trading.MerchantOffer@467cd2d1] for Humanoid['Ranuras trading'/4, l='ServerLevel[world]', x=-58.50, y=64.00, z=4.50]
[07Oct2025 00:06:25.335] [Server thread/INFO] [Easy NPC/]: Define custom server-side data for Humanoid['entity.easy_npc.humanoid'/5, l='ServerLevel[world]', x=0.00, y=0.00, z=0.00] ...
[07Oct2025 00:06:25.336] [Server thread/INFO] [Easy NPC/]: Register default handler for Humanoid['entity.easy_npc.humanoid'/5, l='ServerLevel[world]', x=0.00, y=0.00, z=0.00] with variant STEVE ...
[07Oct2025 00:06:25.337] [Server thread/INFO] [Easy NPC/]: Easy NPC Data version 3 for Humanoid['entity.easy_npc.humanoid'/5, l='ServerLevel[world]', x=-62.50, y=64.00, z=4.50].
[07Oct2025 00:06:25.338] [Server thread/INFO] [Easy NPC/]: Loading trading offers [net.minecraft.world.item.trading.MerchantOffer@46d76ba1, net.minecraft.world.item.trading.MerchantOffer@695efe58, net.minecraft.world.item.trading.MerchantOffer@129cf441, net.minecraft.world.item.trading.MerchantOffer@59a8e125, net.minecraft.world.item.trading.MerchantOffer@24df03d2, net.minecraft.world.item.trading.MerchantOffer@3aed852f, net.minecraft.world.item.trading.MerchantOffer@4f2640cf, net.minecraft.world.item.trading.MerchantOffer@519931c7, net.minecraft.world.item.trading.MerchantOffer@d0479b5, net.minecraft.world.item.trading.MerchantOffer@5b9651c7, net.minecraft.world.item.trading.MerchantOffer@264b5242] for Humanoid['entity.easy_npc.humanoid'/5, l='ServerLevel[world]', x=-62.50, y=64.00, z=4.50]
[07Oct2025 00:06:25.340] [Server thread/INFO] [Easy NPC/]: Define custom server-side data for Humanoid['entity.easy_npc.humanoid'/6, l='ServerLevel[world]', x=0.00, y=0.00, z=0.00] ...
[07Oct2025 00:06:25.341] [Server thread/INFO] [Easy NPC/]: Register default handler for Humanoid['entity.easy_npc.humanoid'/6, l='ServerLevel[world]', x=0.00, y=0.00, z=0.00] with variant STEVE ...
[07Oct2025 00:06:25.342] [Server thread/INFO] [Easy NPC/]: Easy NPC Data version 3 for Humanoid['Backpacks 2d'/6, l='ServerLevel[world]', x=-60.50, y=64.00, z=4.50].
[07Oct2025 00:06:25.343] [Server thread/INFO] [Easy NPC/]: Loading trading offers [net.minecraft.world.item.trading.MerchantOffer@1ac4a06b, net.minecraft.world.item.trading.MerchantOffer@218e794c, net.minecraft.world.item.trading.MerchantOffer@154204f, net.minecraft.world.item.trading.MerchantOffer@76cb058a, net.minecraft.world.item.trading.MerchantOffer@493324c0, net.minecraft.world.item.trading.MerchantOffer@1b2560b3, net.minecraft.world.item.trading.MerchantOffer@3b537dc0, net.minecraft.world.item.trading.MerchantOffer@151ad875] for Humanoid['Backpacks 2d'/6, l='ServerLevel[world]', x=-60.50, y=64.00, z=4.50]
[07Oct2025 00:06:25.344] [Server thread/INFO] [Easy NPC/]: Define custom server-side data for Humanoid['entity.easy_npc.humanoid'/7, l='ServerLevel[world]', x=0.00, y=0.00, z=0.00] ...
[07Oct2025 00:06:25.344] [Server thread/INFO] [Easy NPC/]: Register default handler for Humanoid['entity.easy_npc.humanoid'/7, l='ServerLevel[world]', x=0.00, y=0.00, z=0.00] with variant STEVE ...
[07Oct2025 00:06:25.345] [Server thread/INFO] [Easy NPC/]: Easy NPC Data version 3 for Humanoid['entity.easy_npc.humanoid'/7, l='ServerLevel[world]', x=-56.50, y=64.00, z=20.50].
[07Oct2025 00:06:25.345] [Server thread/INFO] [Easy NPC/]: Loading trading offers [net.minecraft.world.item.trading.MerchantOffer@78b64ead, net.minecraft.world.item.trading.MerchantOffer@3740b60f, net.minecraft.world.item.trading.MerchantOffer@3d061272, net.minecraft.world.item.trading.MerchantOffer@49b8ab99, net.minecraft.world.item.trading.MerchantOffer@3b14725, net.minecraft.world.item.trading.MerchantOffer@31736992, net.minecraft.world.item.trading.MerchantOffer@3c6b684c, net.minecraft.world.item.trading.MerchantOffer@3003e83b, net.minecraft.world.item.trading.MerchantOffer@39821971, net.minecraft.world.item.trading.MerchantOffer@1397c82a] for Humanoid['entity.easy_npc.humanoid'/7, l='ServerLevel[world]', x=-56.50, y=64.00, z=20.50]
[07Oct2025 00:06:25.346] [Server thread/INFO] [Easy NPC/]: Define custom server-side data for Humanoid['entity.easy_npc.humanoid'/8, l='ServerLevel[world]', x=0.00, y=0.00, z=0.00] ...
[07Oct2025 00:06:25.347] [Server thread/INFO] [Easy NPC/]: Register default handler for Humanoid['entity.easy_npc.humanoid'/8, l='ServerLevel[world]', x=0.00, y=0.00, z=0.00] with variant STEVE ...
[07Oct2025 00:06:25.348] [Server thread/INFO] [Easy NPC/]: Easy NPC Data version 3 for Humanoid['entity.easy_npc.humanoid'/8, l='ServerLevel[world]', x=-54.50, y=64.00, z=20.50].
[07Oct2025 00:06:25.349] [Server thread/INFO] [Easy NPC/]: Loading trading offers [net.minecraft.world.item.trading.MerchantOffer@731da3d0, net.minecraft.world.item.trading.MerchantOffer@164cd463, net.minecraft.world.item.trading.MerchantOffer@10d9d761, net.minecraft.world.item.trading.MerchantOffer@441901ad, net.minecraft.world.item.trading.MerchantOffer@5a8439dd, net.minecraft.world.item.trading.MerchantOffer@2a1b1122, net.minecraft.world.item.trading.MerchantOffer@7427a9df] for Humanoid['entity.easy_npc.humanoid'/8, l='ServerLevel[world]', x=-54.50, y=64.00, z=20.50]
[07Oct2025 00:06:25.350] [Server thread/INFO] [Easy NPC/]: Define custom server-side data for Humanoid['entity.easy_npc.humanoid'/9, l='ServerLevel[world]', x=0.00, y=0.00, z=0.00] ...
[07Oct2025 00:06:25.350] [Server thread/INFO] [Easy NPC/]: Register default handler for Humanoid['entity.easy_npc.humanoid'/9, l='ServerLevel[world]', x=0.00, y=0.00, z=0.00] with variant STEVE ...
[07Oct2025 00:06:25.351] [Server thread/INFO] [Easy NPC/]: Easy NPC Data version 3 for Humanoid['Salud Trading'/9, l='ServerLevel[world]', x=-62.50, y=64.00, z=20.50].
[07Oct2025 00:06:25.353] [Server thread/INFO] [Easy NPC/]: Loading trading offers [net.minecraft.world.item.trading.MerchantOffer@33740e9f, net.minecraft.world.item.trading.MerchantOffer@6e9e925c, net.minecraft.world.item.trading.MerchantOffer@37e80c19, net.minecraft.world.item.trading.MerchantOffer@3b4e6da1, net.minecraft.world.item.trading.MerchantOffer@28dd9ca1, net.minecraft.world.item.trading.MerchantOffer@32cbf794, net.minecraft.world.item.trading.MerchantOffer@45b4ad10, net.minecraft.world.item.trading.MerchantOffer@ddfe362, net.minecraft.world.item.trading.MerchantOffer@49a34eec, net.minecraft.world.item.trading.MerchantOffer@2439671b, net.minecraft.world.item.trading.MerchantOffer@440582a1, net.minecraft.world.item.trading.MerchantOffer@3633bdb0] for Humanoid['Salud Trading'/9, l='ServerLevel[world]', x=-62.50, y=64.00, z=20.50]
[07Oct2025 00:06:25.353] [Server thread/INFO] [Easy NPC/]: Define custom server-side data for Humanoid['entity.easy_npc.humanoid'/10, l='ServerLevel[world]', x=0.00, y=0.00, z=0.00] ...
[07Oct2025 00:06:25.354] [Server thread/INFO] [Easy NPC/]: Register default handler for Humanoid['entity.easy_npc.humanoid'/10, l='ServerLevel[world]', x=0.00, y=0.00, z=0.00] with variant STEVE ...
[07Oct2025 00:06:25.355] [Server thread/INFO] [Easy NPC/]: Easy NPC Data version 3 for Humanoid['entity.easy_npc.humanoid'/10, l='ServerLevel[world]', x=-58.50, y=64.00, z=20.50].
[07Oct2025 00:06:25.356] [Server thread/INFO] [Easy NPC/]: Loading trading offers [net.minecraft.world.item.trading.MerchantOffer@7f9cd291, net.minecraft.world.item.trading.MerchantOffer@7dc2ce70, net.minecraft.world.item.trading.MerchantOffer@355545a1, net.minecraft.world.item.trading.MerchantOffer@3932aef2, net.minecraft.world.item.trading.MerchantOffer@20a3fb1f, net.minecraft.world.item.trading.MerchantOffer@4bf91035, net.minecraft.world.item.trading.MerchantOffer@541e2ca6, net.minecraft.world.item.trading.MerchantOffer@78f74de9, net.minecraft.world.item.trading.MerchantOffer@47333aeb, net.minecraft.world.item.trading.MerchantOffer@44c8e280, net.minecraft.world.item.trading.MerchantOffer@61968da3, net.minecraft.world.item.trading.MerchantOffer@23cc1c7d, net.minecraft.world.item.trading.MerchantOffer@7d768e8d, net.minecraft.world.item.trading.MerchantOffer@7ea9af41, net.minecraft.world.item.trading.MerchantOffer@2b87dea2, net.minecraft.world.item.trading.MerchantOffer@686b005b, net.minecraft.world.item.trading.MerchantOffer@2120f93d, net.minecraft.world.item.trading.MerchantOffer@124099ff, net.minecraft.world.item.trading.MerchantOffer@72727db, net.minecraft.world.item.trading.MerchantOffer@37fe96bc, net.minecraft.world.item.trading.MerchantOffer@11b1786f, net.minecraft.world.item.trading.MerchantOffer@72894c7, net.minecraft.world.item.trading.MerchantOffer@390f7206, net.minecraft.world.item.trading.MerchantOffer@7a0748ed, net.minecraft.world.item.trading.MerchantOffer@60ef35c2] for Humanoid['entity.easy_npc.humanoid'/10, l='ServerLevel[world]', x=-58.50, y=64.00, z=20.50]
[07Oct2025 00:06:25.357] [Server thread/INFO] [Easy NPC/]: Define custom server-side data for Humanoid['entity.easy_npc.humanoid'/11, l='ServerLevel[world]', x=0.00, y=0.00, z=0.00] ...
[07Oct2025 00:06:25.357] [Server thread/INFO] [Easy NPC/]: Register default handler for Humanoid['entity.easy_npc.humanoid'/11, l='ServerLevel[world]', x=0.00, y=0.00, z=0.00] with variant STEVE ...
[07Oct2025 00:06:25.359] [Server thread/INFO] [Easy NPC/]: Easy NPC Data version 3 for Humanoid['entity.easy_npc.humanoid'/11, l='ServerLevel[world]', x=-60.50, y=64.00, z=20.50].
[07Oct2025 00:06:25.360] [Server thread/INFO] [Easy NPC/]: Loading trading offers [net.minecraft.world.item.trading.MerchantOffer@50cd5943, net.minecraft.world.item.trading.MerchantOffer@3f386b77, net.minecraft.world.item.trading.MerchantOffer@4e0ed90f, net.minecraft.world.item.trading.MerchantOffer@21c5101d, net.minecraft.world.item.trading.MerchantOffer@1b784227, net.minecraft.world.item.trading.MerchantOffer@6767f1ec, net.minecraft.world.item.trading.MerchantOffer@5f999aae, net.minecraft.world.item.trading.MerchantOffer@56552cb8, net.minecraft.world.item.trading.MerchantOffer@fe5252f, net.minecraft.world.item.trading.MerchantOffer@57555dae, net.minecraft.world.item.trading.MerchantOffer@448af100, net.minecraft.world.item.trading.MerchantOffer@3bc535c5, net.minecraft.world.item.trading.MerchantOffer@1d2fb3cf, net.minecraft.world.item.trading.MerchantOffer@606a35e9, net.minecraft.world.item.trading.MerchantOffer@73fbca15, net.minecraft.world.item.trading.MerchantOffer@6102a2b2, net.minecraft.world.item.trading.MerchantOffer@153d496, net.minecraft.world.item.trading.MerchantOffer@30a77c28, net.minecraft.world.item.trading.MerchantOffer@1d21a34b, net.minecraft.world.item.trading.MerchantOffer@6942956f, net.minecraft.world.item.trading.MerchantOffer@76aa1bb5, net.minecraft.world.item.trading.MerchantOffer@7d677f74, net.minecraft.world.item.trading.MerchantOffer@6dccb068, net.minecraft.world.item.trading.MerchantOffer@10d8a953, net.minecraft.world.item.trading.MerchantOffer@36096f4e] for Humanoid['entity.easy_npc.humanoid'/11, l='ServerLevel[world]', x=-60.50, y=64.00, z=20.50]
[07Oct2025 00:06:25.396] [Server thread/INFO] [Easy NPC/]: Define custom server-side data for Humanoid['entity.easy_npc.humanoid'/12, l='ServerLevel[world]', x=0.00, y=0.00, z=0.00] ...
[07Oct2025 00:06:25.397] [Server thread/INFO] [Easy NPC/]: Register default handler for Humanoid['entity.easy_npc.humanoid'/12, l='ServerLevel[world]', x=0.00, y=0.00, z=0.00] with variant STEVE ...
[07Oct2025 00:06:25.398] [Server thread/INFO] [Easy NPC/]: Easy NPC Data version 3 for Humanoid['Webadas'/12, l='ServerLevel[world]', x=-66.50, y=64.00, z=10.50].
[07Oct2025 00:06:25.399] [Server thread/INFO] [Easy NPC/]: Loading trading offers [net.minecraft.world.item.trading.MerchantOffer@16be6cfb, net.minecraft.world.item.trading.MerchantOffer@7ea75f67, net.minecraft.world.item.trading.MerchantOffer@58deb81b, net.minecraft.world.item.trading.MerchantOffer@4279ad11, net.minecraft.world.item.trading.MerchantOffer@2745c811, net.minecraft.world.item.trading.MerchantOffer@635de7f9, net.minecraft.world.item.trading.MerchantOffer@4eee85e9, net.minecraft.world.item.trading.MerchantOffer@4170b800, net.minecraft.world.item.trading.MerchantOffer@48fce57f, net.minecraft.world.item.trading.MerchantOffer@4492a1b6, net.minecraft.world.item.trading.MerchantOffer@7e69a500, net.minecraft.world.item.trading.MerchantOffer@3a9da275, net.minecraft.world.item.trading.MerchantOffer@15e56f44, net.minecraft.world.item.trading.MerchantOffer@44abf35f, net.minecraft.world.item.trading.MerchantOffer@77d91f6f, net.minecraft.world.item.trading.MerchantOffer@208095eb, net.minecraft.world.item.trading.MerchantOffer@1ea151f0, net.minecraft.world.item.trading.MerchantOffer@58b6870, net.minecraft.world.item.trading.MerchantOffer@3a162dc9, net.minecraft.world.item.trading.MerchantOffer@1e9dd8ad] for Humanoid['Webadas'/12, l='ServerLevel[world]', x=-66.50, y=64.00, z=10.50]
[07Oct2025 00:06:25.401] [Server thread/INFO] [Easy NPC/]: Define custom server-side data for HumanoidSlim['entity.easy_npc.humanoid_slim'/13, l='ServerLevel[world]', x=0.00, y=0.00, z=0.00] ...
[07Oct2025 00:06:25.402] [Server thread/INFO] [Easy NPC/]: Register default handler for HumanoidSlim['entity.easy_npc.humanoid_slim'/13, l='ServerLevel[world]', x=0.00, y=0.00, z=0.00] with variant ALEX ...
[07Oct2025 00:06:25.403] [Server thread/INFO] [Easy NPC/]: Easy NPC Data version 3 for HumanoidSlim['Ice and fire Trading'/13, l='ServerLevel[world]', x=-66.50, y=64.00, z=14.50].
[07Oct2025 00:06:25.404] [Server thread/INFO] [Easy NPC/]: Loading trading offers [net.minecraft.world.item.trading.MerchantOffer@797c8f77, net.minecraft.world.item.trading.MerchantOffer@3eb73c82, net.minecraft.world.item.trading.MerchantOffer@5504bdd6, net.minecraft.world.item.trading.MerchantOffer@59f4ef26, net.minecraft.world.item.trading.MerchantOffer@446ec458, net.minecraft.world.item.trading.MerchantOffer@43bab37b, net.minecraft.world.item.trading.MerchantOffer@33a04cd7, net.minecraft.world.item.trading.MerchantOffer@4d53185a, net.minecraft.world.item.trading.MerchantOffer@7f2d59ac, net.minecraft.world.item.trading.MerchantOffer@691a1c59, net.minecraft.world.item.trading.MerchantOffer@58ed2359, net.minecraft.world.item.trading.MerchantOffer@da971d6, net.minecraft.world.item.trading.MerchantOffer@185cb9f6, net.minecraft.world.item.trading.MerchantOffer@211d8670, net.minecraft.world.item.trading.MerchantOffer@10db9ee1, net.minecraft.world.item.trading.MerchantOffer@563a7aed, net.minecraft.world.item.trading.MerchantOffer@2bd4fad5, net.minecraft.world.item.trading.MerchantOffer@6637c7d9, net.minecraft.world.item.trading.MerchantOffer@2ad77168, net.minecraft.world.item.trading.MerchantOffer@2f3f9bcd, net.minecraft.world.item.trading.MerchantOffer@2331dead, net.minecraft.world.item.trading.MerchantOffer@7be0cc1d, net.minecraft.world.item.trading.MerchantOffer@6aadae38, net.minecraft.world.item.trading.MerchantOffer@391fb153, net.minecraft.world.item.trading.MerchantOffer@14f6c46b] for HumanoidSlim['Ice and fire Trading'/13, l='ServerLevel[world]', x=-66.50, y=64.00, z=14.50]
[07Oct2025 00:06:25.405] [Server thread/INFO] [Easy NPC/]: Define custom server-side data for Humanoid['entity.easy_npc.humanoid'/14, l='ServerLevel[world]', x=0.00, y=0.00, z=0.00] ...
[07Oct2025 00:06:25.406] [Server thread/INFO] [Easy NPC/]: Register default handler for Humanoid['entity.easy_npc.humanoid'/14, l='ServerLevel[world]', x=0.00, y=0.00, z=0.00] with variant STEVE ...
[07Oct2025 00:06:25.407] [Server thread/INFO] [Easy NPC/]: Easy NPC Data version 3 for Humanoid['Counter tradeos'/14, l='ServerLevel[world]', x=-66.50, y=68.00, z=12.50].
[07Oct2025 00:06:25.408] [Server thread/INFO] [Easy NPC/]: Loading trading offers [net.minecraft.world.item.trading.MerchantOffer@67a3f54e, net.minecraft.world.item.trading.MerchantOffer@26cdd824, net.minecraft.world.item.trading.MerchantOffer@4342ae0e, net.minecraft.world.item.trading.MerchantOffer@414701c1, net.minecraft.world.item.trading.MerchantOffer@39369522, net.minecraft.world.item.trading.MerchantOffer@71f276d8, net.minecraft.world.item.trading.MerchantOffer@27969436, net.minecraft.world.item.trading.MerchantOffer@5e26d00c, net.minecraft.world.item.trading.MerchantOffer@53b4d16f, net.minecraft.world.item.trading.MerchantOffer@31123977, net.minecraft.world.item.trading.MerchantOffer@22b62c47, net.minecraft.world.item.trading.MerchantOffer@4af82ead] for Humanoid['Counter tradeos'/14, l='ServerLevel[world]', x=-66.50, y=68.00, z=12.50]
[07Oct2025 00:06:25.409] [Server thread/INFO] [Easy NPC/]: Define custom server-side data for Humanoid['entity.easy_npc.humanoid'/15, l='ServerLevel[world]', x=0.00, y=0.00, z=0.00] ...
[07Oct2025 00:06:25.409] [Server thread/INFO] [Easy NPC/]: Register default handler for Humanoid['entity.easy_npc.humanoid'/15, l='ServerLevel[world]', x=0.00, y=0.00, z=0.00] with variant STEVE ...
[07Oct2025 00:06:25.410] [Server thread/INFO] [Easy NPC/]: Easy NPC Data version 3 for Humanoid['Enchantaments'/15, l='ServerLevel[world]', x=-66.50, y=64.00, z=8.50].
[07Oct2025 00:06:25.411] [Server thread/INFO] [Easy NPC/]: Loading trading offers [net.minecraft.world.item.trading.MerchantOffer@3ce1c319, net.minecraft.world.item.trading.MerchantOffer@5952e93a, net.minecraft.world.item.trading.MerchantOffer@4bc71845, net.minecraft.world.item.trading.MerchantOffer@58fd45af, net.minecraft.world.item.trading.MerchantOffer@6ab6aca2, net.minecraft.world.item.trading.MerchantOffer@246383f7, net.minecraft.world.item.trading.MerchantOffer@5795a20e, net.minecraft.world.item.trading.MerchantOffer@6577456e, net.minecraft.world.item.trading.MerchantOffer@3a7b26de] for Humanoid['Enchantaments'/15, l='ServerLevel[world]', x=-66.50, y=64.00, z=8.50]
[07Oct2025 00:06:25.412] [Server thread/INFO] [Easy NPC/]: Define custom server-side data for Humanoid['entity.easy_npc.humanoid'/16, l='ServerLevel[world]', x=0.00, y=0.00, z=0.00] ...
[07Oct2025 00:06:25.413] [Server thread/INFO] [Easy NPC/]: Register default handler for Humanoid['entity.easy_npc.humanoid'/16, l='ServerLevel[world]', x=0.00, y=0.00, z=0.00] with variant STEVE ...
[07Oct2025 00:06:25.414] [Server thread/INFO] [Easy NPC/]: Easy NPC Data version 3 for Humanoid['entity.easy_npc.humanoid'/16, l='ServerLevel[world]', x=-66.50, y=68.00, z=14.50].
[07Oct2025 00:06:25.415] [Server thread/INFO] [Easy NPC/]: Loading trading offers [net.minecraft.world.item.trading.MerchantOffer@185e4b7e, net.minecraft.world.item.trading.MerchantOffer@4205b2db, net.minecraft.world.item.trading.MerchantOffer@cb7c275, net.minecraft.world.item.trading.MerchantOffer@38b64681, net.minecraft.world.item.trading.MerchantOffer@5259ef52, net.minecraft.world.item.trading.MerchantOffer@3d251ca8, net.minecraft.world.item.trading.MerchantOffer@f33c513, net.minecraft.world.item.trading.MerchantOffer@5bb083a, net.minecraft.world.item.trading.MerchantOffer@180554a0, net.minecraft.world.item.trading.MerchantOffer@d50db54, net.minecraft.world.item.trading.MerchantOffer@1cda9cb0, net.minecraft.world.item.trading.MerchantOffer@41fdadc9] for Humanoid['entity.easy_npc.humanoid'/16, l='ServerLevel[world]', x=-66.50, y=68.00, z=14.50]
[07Oct2025 00:06:25.416] [Server thread/INFO] [Easy NPC/]: Define custom server-side data for Humanoid['entity.easy_npc.humanoid'/17, l='ServerLevel[world]', x=0.00, y=0.00, z=0.00] ...
[07Oct2025 00:06:25.417] [Server thread/INFO] [Easy NPC/]: Register default handler for Humanoid['entity.easy_npc.humanoid'/17, l='ServerLevel[world]', x=0.00, y=0.00, z=0.00] with variant STEVE ...
[07Oct2025 00:06:25.418] [Server thread/INFO] [Easy NPC/]: Easy NPC Data version 3 for Humanoid['Totem Trading'/17, l='ServerLevel[world]', x=-66.50, y=64.00, z=12.50].
[07Oct2025 00:06:25.418] [Server thread/INFO] [Easy NPC/]: Loading trading offers [net.minecraft.world.item.trading.MerchantOffer@3dbc5381, net.minecraft.world.item.trading.MerchantOffer@3cea1331, net.minecraft.world.item.trading.MerchantOffer@69c6565b, net.minecraft.world.item.trading.MerchantOffer@af755a9, net.minecraft.world.item.trading.MerchantOffer@55882f2d, net.minecraft.world.item.trading.MerchantOffer@3997cd36] for Humanoid['Totem Trading'/17, l='ServerLevel[world]', x=-66.50, y=64.00, z=12.50]
[07Oct2025 00:06:25.419] [Server thread/INFO] [Easy NPC/]: Define custom server-side data for Humanoid['entity.easy_npc.humanoid'/18, l='ServerLevel[world]', x=0.00, y=0.00, z=0.00] ...
[07Oct2025 00:06:25.420] [Server thread/INFO] [Easy NPC/]: Register default handler for Humanoid['entity.easy_npc.humanoid'/18, l='ServerLevel[world]', x=0.00, y=0.00, z=0.00] with variant STEVE ...
[07Oct2025 00:06:25.421] [Server thread/INFO] [Easy NPC/]: Easy NPC Data version 3 for Humanoid['entity.easy_npc.humanoid'/18, l='ServerLevel[world]', x=-66.50, y=68.00, z=10.50].
[07Oct2025 00:06:25.421] [Server thread/INFO] [Easy NPC/]: Loading trading offers [net.minecraft.world.item.trading.MerchantOffer@561af2dd, net.minecraft.world.item.trading.MerchantOffer@5832535, net.minecraft.world.item.trading.MerchantOffer@45a76c7f, net.minecraft.world.item.trading.MerchantOffer@667d4bd1, net.minecraft.world.item.trading.MerchantOffer@6770d1d9, net.minecraft.world.item.trading.MerchantOffer@7b46ea8f, net.minecraft.world.item.trading.MerchantOffer@57cb50c, net.minecraft.world.item.trading.MerchantOffer@9d345b1, net.minecraft.world.item.trading.MerchantOffer@684ca34b] for Humanoid['entity.easy_npc.humanoid'/18, l='ServerLevel[world]', x=-66.50, y=68.00, z=10.50]
[07Oct2025 00:06:25.442] [Server thread/INFO] [Easy NPC/]: Define custom server-side data for Humanoid['entity.easy_npc.humanoid'/19, l='ServerLevel[world]', x=0.00, y=0.00, z=0.00] ...
[07Oct2025 00:06:25.443] [Server thread/INFO] [Easy NPC/]: Register default handler for Humanoid['entity.easy_npc.humanoid'/19, l='ServerLevel[world]', x=0.00, y=0.00, z=0.00] with variant STEVE ...
[07Oct2025 00:06:25.445] [Server thread/INFO] [Easy NPC/]: Easy NPC Data version 3 for Humanoid['Ice and fire Trading'/19, l='ServerLevel[world]', x=-66.50, y=64.00, z=16.50].
[07Oct2025 00:06:25.446] [Server thread/INFO] [Easy NPC/]: Loading trading offers [net.minecraft.world.item.trading.MerchantOffer@2e21788a, net.minecraft.world.item.trading.MerchantOffer@5332fb2a, net.minecraft.world.item.trading.MerchantOffer@784819ff, net.minecraft.world.item.trading.MerchantOffer@4a049761, net.minecraft.world.item.trading.MerchantOffer@6fc44383, net.minecraft.world.item.trading.MerchantOffer@2b6b1efa, net.minecraft.world.item.trading.MerchantOffer@13546d89, net.minecraft.world.item.trading.MerchantOffer@7d054f1d, net.minecraft.world.item.trading.MerchantOffer@3010d365, net.minecraft.world.item.trading.MerchantOffer@437f8753, net.minecraft.world.item.trading.MerchantOffer@73f78290, net.minecraft.world.item.trading.MerchantOffer@245d5654, net.minecraft.world.item.trading.MerchantOffer@12603241, net.minecraft.world.item.trading.MerchantOffer@2d1a6a41, net.minecraft.world.item.trading.MerchantOffer@62368e70, net.minecraft.world.item.trading.MerchantOffer@2c978b94, net.minecraft.world.item.trading.MerchantOffer@3f76567d, net.minecraft.world.item.trading.MerchantOffer@41c06bb0, net.minecraft.world.item.trading.MerchantOffer@17d328f6, net.minecraft.world.item.trading.MerchantOffer@708cab3, net.minecraft.world.item.trading.MerchantOffer@ac0b191, net.minecraft.world.item.trading.MerchantOffer@481fc692, net.minecraft.world.item.trading.MerchantOffer@4605c3ff, net.minecraft.world.item.trading.MerchantOffer@719d4de, net.minecraft.world.item.trading.MerchantOffer@85ab195] for Humanoid['Ice and fire Trading'/19, l='ServerLevel[world]', x=-66.50, y=64.00, z=16.50]
[07Oct2025 00:06:25.773] [Worker-Main-1/INFO] [net.minecraft.server.level.progress.LoggerChunkProgressListener/]: Preparing spawn area: 86%
[07Oct2025 00:06:25.854] [Server thread/INFO] [net.minecraft.server.level.progress.LoggerChunkProgressListener/]: Time elapsed: 8582 ms
[07Oct2025 00:06:25.854] [Server thread/INFO] [net.minecraft.server.dedicated.DedicatedServer/]: Done (12.541s)! For help, type "help"
[07Oct2025 00:06:26.027] [Server thread/INFO] [net.minecraftforge.server.permission.PermissionAPI/]: Successfully initialized permission handler forge:default_handler
[07Oct2025 00:06:26.027] [Server thread/INFO] [Easy NPC/]: 🗣 Register Easy NPC Server is starting Events ...
[07Oct2025 00:06:26.028] [Server thread/INFO] [Easy NPC/]: 🗣 Register Easy NPC Server data folders ...
[07Oct2025 00:06:26.028] [Server thread/INFO] [Easy NPC/]: 🗣 Register Easy NPC Pose data folders ...
[07Oct2025 00:06:26.029] [Server thread/INFO] [Easy NPC/]: 🗣 Register Easy NPC custom pose data ...
[07Oct2025 00:06:26.036] [Server thread/WARN] [Easy NPC/]: Skin model pose file /workspaces/pepe/servidor_minecraft/config/easy_npc/pose/humanoid_slim/humanoid_slim_poses.json already exists, skipping copy!
[07Oct2025 00:06:26.045] [Server thread/INFO] [Easy NPC/]: 🗣 Register Easy NPC custom poses from /workspaces/pepe/servidor_minecraft/config/easy_npc/pose ...
[07Oct2025 00:06:26.046] [Server thread/INFO] [Easy NPC/]: Found custom pose file /workspaces/pepe/servidor_minecraft/config/easy_npc/pose/humanoid_slim/humanoid_slim_poses.json ...
[07Oct2025 00:06:26.050] [Server thread/INFO] [Easy NPC/]: [Pose Manager] Registering pose data easy_npc:pose/humanoid_slim/crouching with Animation{name='Crouching', loop='hold_on_last_frame', animation_length=null, bones={Head=Bone{position=[0.0, -4.2, 0.0], rotation=[-7.5, 0.0, 0.0], scale=null, keyframePosition=null, keyframeRotation=null}, Body=Bone{position=[0.0, -3.2, 0.0], rotation=[20.0, 0.0, 0.0], scale=null, keyframePosition=null, keyframeRotation=null}, RightArm=Bone{position=[0.0, -3.2, 1.0], rotation=[40.0, 0.0, 0.0], scale=null, keyframePosition=null, keyframeRotation=null}, LeftArm=Bone{position=[0.0, -3.2, 1.0], rotation=[40.0, 0.0, 0.0], scale=null, keyframePosition=null, keyframeRotation=null}, RightLeg=Bone{position=[0.0, 0.0, 4.0], rotation=[-25.0, 0.0, 0.0], scale=null, keyframePosition=null, keyframeRotation=null}, LeftLeg=Bone{position=[0.0, 0.0, 3.0], rotation=[-10.0, 0.0, 0.0], scale=null, keyframePosition=null, keyframeRotation=null}}}
[07Oct2025 00:06:26.050] [Server thread/INFO] [Easy NPC/]: [Pose Manager] Registering pose data easy_npc:pose/humanoid_slim/standing with Animation{name='Standing', loop='hold_on_last_frame', animation_length=null, bones={Head=Bone{position=[0.0, 0.0, 0.0], rotation=[0.0, 0.0, 0.0], scale=null, keyframePosition=null, keyframeRotation=null}, Body=Bone{position=[0.0, 0.0, 0.0], rotation=[0.0, 0.0, 0.0], scale=null, keyframePosition=null, keyframeRotation=null}, RightArm=Bone{position=[0.0, 0.0, 0.0], rotation=[0.0, 0.0, 0.0], scale=null, keyframePosition=null, keyframeRotation=null}, LeftArm=Bone{position=[0.0, 0.0, 0.0], rotation=[0.0, 0.0, 0.0], scale=null, keyframePosition=null, keyframeRotation=null}, RightLeg=Bone{position=[0.0, 0.0, 0.0], rotation=[0.0, 0.0, 0.0], scale=null, keyframePosition=null, keyframeRotation=null}, LeftLeg=Bone{position=[0.0, 0.0, 0.0], rotation=[0.0, 0.0, 0.0], scale=null, keyframePosition=null, keyframeRotation=null}}}
[07Oct2025 00:06:26.051] [Server thread/INFO] [Easy NPC/]: [Pose Manager] Registering pose data easy_npc:pose/humanoid_slim/sitting with Animation{name='Sitting', loop='hold_on_last_frame', animation_length=null, bones={Head=Bone{position=[0.0, -10.5, 0.0], rotation=[0.0, 0.0, -2.5], scale=null, keyframePosition=null, keyframeRotation=null}, Body=Bone{position=[0.0, -10.5, 0.0], rotation=null, scale=null, keyframePosition=null, keyframeRotation=null}, RightArm=Bone{position=[0.0, -10.5, 0.0], rotation=[-35.0, 0.0, 0.0], scale=null, keyframePosition=null, keyframeRotation=null}, LeftArm=Bone{position=[0.0, -10.5, 0.0], rotation=[-35.0, 0.0, 0.0], scale=null, keyframePosition=null, keyframeRotation=null}, RightLeg=Bone{position=[0.0, -10.0, 0.0], rotation=[-90.0, 15.0, 0.0], scale=null, keyframePosition=null, keyframeRotation=null}, LeftLeg=Bone{position=[0.0, -10.0, 0.0], rotation=[-90.0, -10.5, 0.0], scale=null, keyframePosition=null, keyframeRotation=null}}}
[07Oct2025 00:06:26.051] [Server thread/INFO] [Easy NPC/]: [Pose Manager] Registering pose data easy_npc:pose/humanoid_slim/chilling with Animation{name='Chilling', loop='hold_on_last_frame', animation_length=null, bones={Head=Bone{position=[0.0, -12.5, 2.0], rotation=[-2.5, 0.0, 2.5], scale=null, keyframePosition=null, keyframeRotation=null}, Body=Bone{position=[0.0, -12.25, 3.0], rotation=[-20.0, 0.0, 0.0], scale=null, keyframePosition=null, keyframeRotation=null}, RightArm=Bone{position=[0.0, -12.5, 2.0], rotation=[17.5, 0.0, 0.0], scale=null, keyframePosition=null, keyframeRotation=null}, LeftArm=Bone{position=[0.0, -12.5, 2.0], rotation=[20.0, 0.0, 0.0], scale=null, keyframePosition=null, keyframeRotation=null}, RightLeg=Bone{position=[0.0, -10.0, 0.0], rotation=[-90.0, 15.0, -5.0], scale=null, keyframePosition=null, keyframeRotation=null}, LeftLeg=Bone{position=[0.0, -10.0, 0.75], rotation=[-90.0, -10.5, 5.0], scale=null, keyframePosition=null, keyframeRotation=null}}}
[07Oct2025 00:06:26.051] [Server thread/INFO] [Easy NPC/]: [Pose Manager] Registering pose data easy_npc:pose/humanoid_slim/rest with Animation{name='Rest', loop='hold_on_last_frame', animation_length=null, bones={Head=Bone{position=[0.0, -12.0, 0.0], rotation=[5.0, 0.0, 5.0], scale=null, keyframePosition=null, keyframeRotation=null}, Body=Bone{position=[0.0, -12.0, 0.0], rotation=[0.0, 0.0, 2.5], scale=null, keyframePosition=null, keyframeRotation=null}, RightArm=Bone{position=[-1.0, -11.0, 0.0], rotation=[-75.0, -30.0, 0.0], scale=null, keyframePosition=null, keyframeRotation=null}, LeftArm=Bone{position=[0.0, -12.0, 0.0], rotation=[-52.5, -5.0, 0.0], scale=null, keyframePosition=null, keyframeRotation=null}, RightLeg=Bone{position=[-3.0, -2.0, -2.0], rotation=[-32.5, -20.0, 0.0], scale=null, keyframePosition=null, keyframeRotation=null}, LeftLeg=Bone{position=[6.75, -10.0, 0.0], rotation=[-90.0, 40.0, 0.0], scale=null, keyframePosition=null, keyframeRotation=null}}}
[07Oct2025 00:06:26.052] [Server thread/INFO] [Easy NPC/]: 🗣 Register Easy NPC Backup data folders ...
[07Oct2025 00:06:26.056] [Server thread/INFO] [com.azukaar.difficultyoverhaul.DifficultyOverhaul/]: Initializing mod
[07Oct2025 00:06:26.059] [Server thread/INFO] [com.azukaar.difficultyoverhaul.DifficultyOverhaul/]: Current server difficulty: EASY
[07Oct2025 00:06:26.063] [Server thread/INFO] [FTB Quests/]: Loading quests from /workspaces/pepe/servidor_minecraft/config/ftbquests/quests
[07Oct2025 00:06:26.122] [Server thread/INFO] [FTB Quests/]: Loaded 1 chapter groups, 6 chapters, 428 quests, 0 reward tables
[07Oct2025 00:06:26.166] [Server thread/INFO] [com.github.alexthe666.iceandfire.IceAndFire/]: {iceandfire:fire_dragon_roost=true, iceandfire:fire_lily=true, iceandfire:spawn_dragon_skeleton_fire=true, iceandfire:lightning_dragon_roost=true, iceandfire:spawn_dragon_skeleton_lightning=true, iceandfire:ice_dragon_roost=true, iceandfire:ice_dragon_cave=true, iceandfire:lightning_dragon_cave=true, iceandfire:cyclops_cave=true, iceandfire:spawn_wandering_cyclops=true, iceandfire:spawn_sea_serpent=true, iceandfire:frost_lily=true, iceandfire:hydra_cave=true, iceandfire:lightning_lily=true, iceandfire:pixie_village=true, iceandfire:myrmex_hive_jungle=true, iceandfire:myrmex_hive_desert=true, iceandfire:silver_ore=true, iceandfire:siren_island=true, iceandfire:spawn_dragon_skeleton_ice=true, iceandfire:spawn_stymphalian_bird=true, iceandfire:fire_dragon_cave=true, iceandfire:sapphire_ore=true, iceandfire:spawn_hippocampus=true, iceandfire:spawn_death_worm=true}
[07Oct2025 00:06:26.166] [Server thread/INFO] [com.github.alexthe666.iceandfire.IceAndFire/]: {TROLL_S=true, HIPPOGRYPH=true, AMPHITHERE=true, COCKATRICE=true, TROLL_M=true, DREAD_LICH=true, TROLL_F=true}
[07Oct2025 00:06:26.180] [Server thread/INFO] [atomicstryker.infernalmobs.common.InfernalMobsCore/]: item config parser finished, item count: 14
[07Oct2025 00:06:26.180] [Server thread/INFO] [atomicstryker.infernalmobs.common.InfernalMobsCore/]: item config parser finished, item count: 17
[07Oct2025 00:06:26.181] [Server thread/INFO] [atomicstryker.infernalmobs.common.InfernalMobsCore/]: item config parser finished, item count: 16
[07Oct2025 00:06:26.181] [Server thread/INFO] [atomicstryker.infernalmobs.common.InfernalMobsCore/]: InfernalMobsCore commonSetup completed! Modifiers ready: 28
[07Oct2025 00:06:26.181] [Server thread/INFO] [atomicstryker.infernalmobs.common.InfernalMobsCore/]: InfernalMobsCore commonSetup completed! config file at: /workspaces/pepe/servidor_minecraft/./config/infernalmobs.cfg
[07Oct2025 00:06:26.182] [Server thread/WARN] [voicechat/]: [voicechat] Running in offline mode - Voice chat encryption is not secure!
[07Oct2025 00:06:26.193] [VoiceChatServerThread/INFO] [voicechat/]: [voicechat] Voice host is 'using-drops.gl.at.ply.gg:9860'
[07Oct2025 00:06:26.195] [VoiceChatServerThread/INFO] [voicechat/]: [voicechat] Voice chat server started at port 9860
[07Oct2025 00:08:58.398] [Server thread/INFO] [net.minecraft.server.MinecraftServer/]: Stopping the server
[07Oct2025 00:08:58.472] [Server thread/INFO] [net.minecraft.server.MinecraftServer/]: Stopping server
[07Oct2025 00:08:58.473] [Server thread/INFO] [net.minecraft.server.MinecraftServer/]: Saving players
[07Oct2025 00:08:58.473] [Server thread/INFO] [net.minecraft.server.MinecraftServer/]: Saving worlds
[07Oct2025 00:08:58.750] [Server thread/INFO] [net.minecraft.server.MinecraftServer/]: Saving chunks for level 'ServerLevel[world]'/minecraft:overworld
[07Oct2025 00:08:58.811] [Server thread/INFO] [net.minecraft.server.MinecraftServer/]: Saving chunks for level 'ServerLevel[world]'/grotesque_steve:stomach
[07Oct2025 00:08:58.812] [Server thread/INFO] [net.minecraft.server.MinecraftServer/]: Saving chunks for level 'ServerLevel[world]'/bb:realend
[07Oct2025 00:08:58.814] [Server thread/INFO] [net.minecraft.server.MinecraftServer/]: Saving chunks for level 'ServerLevel[world]'/ihfr:the_carnage
[07Oct2025 00:08:58.815] [Server thread/INFO] [net.minecraft.server.MinecraftServer/]: Saving chunks for level 'ServerLevel[world]'/scprotect:scp_106
[07Oct2025 00:08:58.816] [Server thread/INFO] [net.minecraft.server.MinecraftServer/]: Saving chunks for level 'ServerLevel[world]'/minecraft:the_nether
[07Oct2025 00:08:58.816] [Server thread/INFO] [net.minecraft.server.MinecraftServer/]: Saving chunks for level 'ServerLevel[world]'/minecraft:the_end
[07Oct2025 00:08:58.817] [Server thread/INFO] [net.minecraft.server.MinecraftServer/]: Saving chunks for level 'ServerLevel[world]'/graveyard:past
[07Oct2025 00:08:59.089] [Server thread/INFO] [net.minecraft.server.MinecraftServer/]: ThreadedAnvilChunkStorage (world): All chunks are saved
[07Oct2025 00:08:59.089] [Server thread/INFO] [net.minecraft.server.MinecraftServer/]: ThreadedAnvilChunkStorage (stomach): All chunks are saved
[07Oct2025 00:08:59.090] [Server thread/INFO] [net.minecraft.server.MinecraftServer/]: ThreadedAnvilChunkStorage (realend): All chunks are saved
[07Oct2025 00:08:59.090] [Server thread/INFO] [net.minecraft.server.MinecraftServer/]: ThreadedAnvilChunkStorage (the_carnage): All chunks are saved
[07Oct2025 00:08:59.090] [Server thread/INFO] [net.minecraft.server.MinecraftServer/]: ThreadedAnvilChunkStorage (scp_106): All chunks are saved
[07Oct2025 00:08:59.090] [Server thread/INFO] [net.minecraft.server.MinecraftServer/]: ThreadedAnvilChunkStorage (DIM-1): All chunks are saved
[07Oct2025 00:08:59.090] [Server thread/INFO] [net.minecraft.server.MinecraftServer/]: ThreadedAnvilChunkStorage (DIM1): All chunks are saved
[07Oct2025 00:08:59.090] [Server thread/INFO] [net.minecraft.server.MinecraftServer/]: ThreadedAnvilChunkStorage (past): All chunks are saved
[07Oct2025 00:08:59.091] [Server thread/INFO] [net.minecraft.server.MinecraftServer/]: ThreadedAnvilChunkStorage: All dimensions are saved
